5,6,2l1LdpF7u2mFVIrA8a44AHv135g=,SrfoxqJDaags1Ha5iE+80SIKcGQ=
7,6,2l1LdpF7u2mFVIrA8a44AHv135g=,SrfoxqJDaags1Ha5iE+80SIKcGQ=
3,7,2l1LdpF7u2mFVIrA8a44AHv135g=,SrfoxqJDaags1Ha5iE+80SIKcGQ=
7,3,2l1LdpF7u2mFVIrA8a44AHv135g=,SrfoxqJDaags1Ha5iE+80SIKcGQ=
2,7,2l1LdpF7u2mFVIrA8a44AHv135g=,SrfoxqJDaags1Ha5iE+80SIKcGQ=
4,6,2l1LdpF7u2mFVIrA8a44AHv135g=,SrfoxqJDaags1Ha5iE+80SIKcGQ=
0,7,2l1LdpF7u2mFVIrA8a44AHv135g=,SrfoxqJDaags1Ha5iE+80SIKcGQ=
7,1,2l1LdpF7u2mFVIrA8a44AHv135g=,SrfoxqJDaags1Ha5iE+80SIKcGQ=
1,7,2l1LdpF7u2mFVIrA8a44AHv135g=,SrfoxqJDaags1Ha5iE+80SIKcGQ=
6,1,2l1LdpF7u2mFVIrA8a44AHv135g=,SrfoxqJDaags1Ha5iE+80SIKcGQ=
7,0,2l1LdpF7u2mFVIrA8a44AHv135g=,SrfoxqJDaags1Ha5iE+80SIKcGQ=
6,3,2l1LdpF7u2mFVIrA8a44AHv135g=,SrfoxqJDaags1Ha5iE+80SIKcGQ=
5,1,2l1LdpF7u2mFVIrA8a44AHv135g=,SrfoxqJDaags1Ha5iE+80SIKcGQ=
3,6,2l1LdpF7u2mFVIrA8a44AHv135g=,SrfoxqJDaags1Ha5iE+80SIKcGQ=
5,3,2l1LdpF7u2mFVIrA8a44AHv135g=,SrfoxqJDaags1Ha5iE+80SIKcGQ=
6,0,2l1LdpF7u2mFVIrA8a44AHv135g=,SrfoxqJDaags1Ha5iE+80SIKcGQ=
2,6,2l1LdpF7u2mFVIrA8a44AHv135g=,SrfoxqJDaags1Ha5iE+80SIKcGQ=
6,6,2l1LdpF7u2mFVIrA8a44AHv135g=,SrfoxqJDaags1Ha5iE+80SIKcGQ=
1,6,2l1LdpF7u2mFVIrA8a44AHv135g=,SrfoxqJDaags1Ha5iE+80SIKcGQ=
2,3,2l1LdpF7u2mFVIrA8a44AHv135g=,SrfoxqJDaags1Ha5iE+80SIKcGQ=
5,2,2l1LdpF7u2mFVIrA8a44AHv135g=,SrfoxqJDaags1Ha5iE+80SIKcGQ=
3,5,2l1LdpF7u2mFVIrA8a44AHv135g=,SrfoxqJDaags1Ha5iE+80SIKcGQ=
1,3,2l1LdpF7u2mFVIrA8a44AHv135g=,SrfoxqJDaags1Ha5iE+80SIKcGQ=
5,0,2l1LdpF7u2mFVIrA8a44AHv135g=,SrfoxqJDaags1Ha5iE+80SIKcGQ=
4,3,2l1LdpF7u2mFVIrA8a44AHv135g=,SrfoxqJDaags1Ha5iE+80SIKcGQ=
2,5,2l1LdpF7u2mFVIrA8a44AHv135g=,SrfoxqJDaags1Ha5iE+80SIKcGQ=
1,5,2l1LdpF7u2mFVIrA8a44AHv135g=,SrfoxqJDaags1Ha5iE+80SIKcGQ=
0,5,2l1LdpF7u2mFVIrA8a44AHv135g=,SrfoxqJDaags1Ha5iE+80SIKcGQ=
7,4,2l1LdpF7u2mFVIrA8a44AHv135g=,SrfoxqJDaags1Ha5iE+80SIKcGQ=
1,1,2l1LdpF7u2mFVIrA8a44AHv135g=,SrfoxqJDaags1Ha5iE+80SIKcGQ=
0,3,2l1LdpF7u2mFVIrA8a44AHv135g=,SrfoxqJDaags1Ha5iE+80SIKcGQ=
7,5,2l1LdpF7u2mFVIrA8a44AHv135g=,SrfoxqJDaags1Ha5iE+80SIKcGQ=
4,0,2l1LdpF7u2mFVIrA8a44AHv135g=,SrfoxqJDaags1Ha5iE+80SIKcGQ=
6,5,2l1LdpF7u2mFVIrA8a44AHv135g=,SrfoxqJDaags1Ha5iE+80SIKcGQ=
6,4,2l1LdpF7u2mFVIrA8a44AHv135g=,SrfoxqJDaags1Ha5iE+80SIKcGQ=
3,0,2l1LdpF7u2mFVIrA8a44AHv135g=,SrfoxqJDaags1Ha5iE+80SIKcGQ=
5,4,2l1LdpF7u2mFVIrA8a44AHv135g=,SrfoxqJDaags1Ha5iE+80SIKcGQ=
4,4,2l1LdpF7u2mFVIrA8a44AHv135g=,SrfoxqJDaags1Ha5iE+80SIKcGQ=
3,4,2l1LdpF7u2mFVIrA8a44AHv135g=,SrfoxqJDaags1Ha5iE+80SIKcGQ=
0,6,2l1LdpF7u2mFVIrA8a44AHv135g=,SrfoxqJDaags1Ha5iE+80SIKcGQ=
3,3,2l1LdpF7u2mFVIrA8a44AHv135g=,SrfoxqJDaags1Ha5iE+80SIKcGQ=
7,7,2l1LdpF7u2mFVIrA8a44AHv135g=,SrfoxqJDaags1Ha5iE+80SIKcGQ=
6,7,2l1LdpF7u2mFVIrA8a44AHv135g=,SrfoxqJDaags1Ha5iE+80SIKcGQ=
2,2,2l1LdpF7u2mFVIrA8a44AHv135g=,SrfoxqJDaags1Ha5iE+80SIKcGQ=
0,1,2l1LdpF7u2mFVIrA8a44AHv135g=,SrfoxqJDaags1Ha5iE+80SIKcGQ=
5,7,2l1LdpF7u2mFVIrA8a44AHv135g=,SrfoxqJDaags1Ha5iE+80SIKcGQ=
4,7,2l1LdpF7u2mFVIrA8a44AHv135g=,SrfoxqJDaags1Ha5iE+80SIKcGQ=
7,2,2l1LdpF7u2mFVIrA8a44AHv135g=,SrfoxqJDaags1Ha5iE+80SIKcGQ=
5,5,2l1LdpF7u2mFVIrA8a44AHv135g=,SrfoxqJDaags1Ha5iE+80SIKcGQ=
4,5,2l1LdpF7u2mFVIrA8a44AHv135g=,SrfoxqJDaags1Ha5iE+80SIKcGQ=
6,2,2l1LdpF7u2mFVIrA8a44AHv135g=,SrfoxqJDaags1Ha5iE+80SIKcGQ=
4,2,2l1LdpF7u2mFVIrA8a44AHv135g=,SrfoxqJDaags1Ha5iE+80SIKcGQ=
2,4,2l1LdpF7u2mFVIrA8a44AHv135g=,SrfoxqJDaags1Ha5iE+80SIKcGQ=
1,4,2l1LdpF7u2mFVIrA8a44AHv135g=,SrfoxqJDaags1Ha5iE+80SIKcGQ=
4,1,2l1LdpF7u2mFVIrA8a44AHv135g=,SrfoxqJDaags1Ha5iE+80SIKcGQ=
1,2,2l1LdpF7u2mFVIrA8a44AHv135g=,SrfoxqJDaags1Ha5iE+80SIKcGQ=
2,0,2l1LdpF7u2mFVIrA8a44AHv135g=,SrfoxqJDaags1Ha5iE+80SIKcGQ=
0,2,2l1LdpF7u2mFVIrA8a44AHv135g=,SrfoxqJDaags1Ha5iE+80SIKcGQ=
2,1,2l1LdpF7u2mFVIrA8a44AHv135g=,SrfoxqJDaags1Ha5iE+80SIKcGQ=
1,0,2l1LdpF7u2mFVIrA8a44AHv135g=,SrfoxqJDaags1Ha5iE+80SIKcGQ=
0,0,2l1LdpF7u2mFVIrA8a44AHv135g=,SrfoxqJDaags1Ha5iE+80SIKcGQ=
0,4,2l1LdpF7u2mFVIrA8a44AHv135g=,SrfoxqJDaags1Ha5iE+80SIKcGQ=
3,1,2l1LdpF7u2mFVIrA8a44AHv135g=,SrfoxqJDaags1Ha5iE+80SIKcGQ=
3,2,2l1LdpF7u2mFVIrA8a44AHv135g=,SrfoxqJDaags1Ha5iE+80SIKcGQ=
