-27,0,oEPz13ehk3UgpbqIyMIg0YauR0I=,t6b5N+hWM1ASU5ndiWIkGe+7ZAQ=
-25,3,r8QXzGaMR7kY5yp9Zv8l1GQXbeo=,t6b5N+hWM1ASU5ndiWIkGe+7ZAQ=
-24,3,r8QXzGaMR7kY5yp9Zv8l1GQXbeo=,t6b5N+hWM1ASU5ndiWIkGe+7ZAQ=
-23,3,oEPz13ehk3UgpbqIyMIg0YauR0I=,t6b5N+hWM1ASU5ndiWIkGe+7ZAQ=
-22,3,oEPz13ehk3UgpbqIyMIg0YauR0I=,t6b5N+hWM1ASU5ndiWIkGe+7ZAQ=
-21,3,oEPz13ehk3UgpbqIyMIg0YauR0I=,t6b5N+hWM1ASU5ndiWIkGe+7ZAQ=
-20,3,oEPz13ehk3UgpbqIyMIg0YauR0I=,t6b5N+hWM1ASU5ndiWIkGe+7ZAQ=
-19,3,oEPz13ehk3UgpbqIyMIg0YauR0I=,t6b5N+hWM1ASU5ndiWIkGe+7ZAQ=
-18,3,oEPz13ehk3UgpbqIyMIg0YauR0I=,t6b5N+hWM1ASU5ndiWIkGe+7ZAQ=
-17,3,oEPz13ehk3UgpbqIyMIg0YauR0I=,t6b5N+hWM1ASU5ndiWIkGe+7ZAQ=
-26,1,oEPz13ehk3UgpbqIyMIg0YauR0I=,t6b5N+hWM1ASU5ndiWIkGe+7ZAQ=
-32,4,oEPz13ehk3UgpbqIyMIg0YauR0I=,t6b5N+hWM1ASU5ndiWIkGe+7ZAQ=
-26,0,oEPz13ehk3UgpbqIyMIg0YauR0I=,t6b5N+hWM1ASU5ndiWIkGe+7ZAQ=
-25,2,oEPz13ehk3UgpbqIyMIg0YauR0I=,t6b5N+hWM1ASU5ndiWIkGe+7ZAQ=
-31,4,oEPz13ehk3UgpbqIyMIg0YauR0I=,t6b5N+hWM1ASU5ndiWIkGe+7ZAQ=
-30,4,oEPz13ehk3UgpbqIyMIg0YauR0I=,t6b5N+hWM1ASU5ndiWIkGe+7ZAQ=
-29,4,oEPz13ehk3UgpbqIyMIg0YauR0I=,t6b5N+hWM1ASU5ndiWIkGe+7ZAQ=
-28,4,oEPz13ehk3UgpbqIyMIg0YauR0I=,t6b5N+hWM1ASU5ndiWIkGe+7ZAQ=
-27,4,oEPz13ehk3UgpbqIyMIg0YauR0I=,t6b5N+hWM1ASU5ndiWIkGe+7ZAQ=
-26,4,oEPz13ehk3UgpbqIyMIg0YauR0I=,t6b5N+hWM1ASU5ndiWIkGe+7ZAQ=
-25,4,oEPz13ehk3UgpbqIyMIg0YauR0I=,t6b5N+hWM1ASU5ndiWIkGe+7ZAQ=
-24,4,oEPz13ehk3UgpbqIyMIg0YauR0I=,t6b5N+hWM1ASU5ndiWIkGe+7ZAQ=
-23,4,oEPz13ehk3UgpbqIyMIg0YauR0I=,t6b5N+hWM1ASU5ndiWIkGe+7ZAQ=
-22,4,oEPz13ehk3UgpbqIyMIg0YauR0I=,t6b5N+hWM1ASU5ndiWIkGe+7ZAQ=
-21,4,oEPz13ehk3UgpbqIyMIg0YauR0I=,t6b5N+hWM1ASU5ndiWIkGe+7ZAQ=
-20,4,oEPz13ehk3UgpbqIyMIg0YauR0I=,t6b5N+hWM1ASU5ndiWIkGe+7ZAQ=
-19,4,oEPz13ehk3UgpbqIyMIg0YauR0I=,t6b5N+hWM1ASU5ndiWIkGe+7ZAQ=
-18,4,oEPz13ehk3UgpbqIyMIg0YauR0I=,t6b5N+hWM1ASU5ndiWIkGe+7ZAQ=
-25,1,oEPz13ehk3UgpbqIyMIg0YauR0I=,t6b5N+hWM1ASU5ndiWIkGe+7ZAQ=
-17,4,oEPz13ehk3UgpbqIyMIg0YauR0I=,t6b5N+hWM1ASU5ndiWIkGe+7ZAQ=
-32,5,oEPz13ehk3UgpbqIyMIg0YauR0I=,t6b5N+hWM1ASU5ndiWIkGe+7ZAQ=
-24,2,oEPz13ehk3UgpbqIyMIg0YauR0I=,t6b5N+hWM1ASU5ndiWIkGe+7ZAQ=
-25,0,oEPz13ehk3UgpbqIyMIg0YauR0I=,t6b5N+hWM1ASU5ndiWIkGe+7ZAQ=
-31,5,oEPz13ehk3UgpbqIyMIg0YauR0I=,t6b5N+hWM1ASU5ndiWIkGe+7ZAQ=
-30,5,oEPz13ehk3UgpbqIyMIg0YauR0I=,t6b5N+hWM1ASU5ndiWIkGe+7ZAQ=
-29,5,oEPz13ehk3UgpbqIyMIg0YauR0I=,t6b5N+hWM1ASU5ndiWIkGe+7ZAQ=
-28,5,oEPz13ehk3UgpbqIyMIg0YauR0I=,t6b5N+hWM1ASU5ndiWIkGe+7ZAQ=
-27,5,oEPz13ehk3UgpbqIyMIg0YauR0I=,t6b5N+hWM1ASU5ndiWIkGe+7ZAQ=
-26,5,oEPz13ehk3UgpbqIyMIg0YauR0I=,t6b5N+hWM1ASU5ndiWIkGe+7ZAQ=
-25,5,oEPz13ehk3UgpbqIyMIg0YauR0I=,t6b5N+hWM1ASU5ndiWIkGe+7ZAQ=
-24,5,oEPz13ehk3UgpbqIyMIg0YauR0I=,t6b5N+hWM1ASU5ndiWIkGe+7ZAQ=
-23,5,oEPz13ehk3UgpbqIyMIg0YauR0I=,t6b5N+hWM1ASU5ndiWIkGe+7ZAQ=
-22,5,oEPz13ehk3UgpbqIyMIg0YauR0I=,t6b5N+hWM1ASU5ndiWIkGe+7ZAQ=
-21,5,oEPz13ehk3UgpbqIyMIg0YauR0I=,t6b5N+hWM1ASU5ndiWIkGe+7ZAQ=
-20,5,oEPz13ehk3UgpbqIyMIg0YauR0I=,t6b5N+hWM1ASU5ndiWIkGe+7ZAQ=
-19,5,oEPz13ehk3UgpbqIyMIg0YauR0I=,t6b5N+hWM1ASU5ndiWIkGe+7ZAQ=
-18,5,oEPz13ehk3UgpbqIyMIg0YauR0I=,t6b5N+hWM1ASU5ndiWIkGe+7ZAQ=
-17,5,oEPz13ehk3UgpbqIyMIg0YauR0I=,t6b5N+hWM1ASU5ndiWIkGe+7ZAQ=
-24,1,oEPz13ehk3UgpbqIyMIg0YauR0I=,t6b5N+hWM1ASU5ndiWIkGe+7ZAQ=
-32,6,oEPz13ehk3UgpbqIyMIg0YauR0I=,t6b5N+hWM1ASU5ndiWIkGe+7ZAQ=
-23,2,oEPz13ehk3UgpbqIyMIg0YauR0I=,t6b5N+hWM1ASU5ndiWIkGe+7ZAQ=
-24,0,oEPz13ehk3UgpbqIyMIg0YauR0I=,t6b5N+hWM1ASU5ndiWIkGe+7ZAQ=
-31,6,oEPz13ehk3UgpbqIyMIg0YauR0I=,t6b5N+hWM1ASU5ndiWIkGe+7ZAQ=
-30,6,oEPz13ehk3UgpbqIyMIg0YauR0I=,t6b5N+hWM1ASU5ndiWIkGe+7ZAQ=
-29,6,oEPz13ehk3UgpbqIyMIg0YauR0I=,t6b5N+hWM1ASU5ndiWIkGe+7ZAQ=
-28,6,oEPz13ehk3UgpbqIyMIg0YauR0I=,t6b5N+hWM1ASU5ndiWIkGe+7ZAQ=
-27,6,oEPz13ehk3UgpbqIyMIg0YauR0I=,t6b5N+hWM1ASU5ndiWIkGe+7ZAQ=
-25,6,oEPz13ehk3UgpbqIyMIg0YauR0I=,t6b5N+hWM1ASU5ndiWIkGe+7ZAQ=
-26,6,oEPz13ehk3UgpbqIyMIg0YauR0I=,t6b5N+hWM1ASU5ndiWIkGe+7ZAQ=
-24,6,oEPz13ehk3UgpbqIyMIg0YauR0I=,t6b5N+hWM1ASU5ndiWIkGe+7ZAQ=
-23,6,oEPz13ehk3UgpbqIyMIg0YauR0I=,t6b5N+hWM1ASU5ndiWIkGe+7ZAQ=
-22,6,oEPz13ehk3UgpbqIyMIg0YauR0I=,t6b5N+hWM1ASU5ndiWIkGe+7ZAQ=
-21,6,oEPz13ehk3UgpbqIyMIg0YauR0I=,t6b5N+hWM1ASU5ndiWIkGe+7ZAQ=
-20,6,oEPz13ehk3UgpbqIyMIg0YauR0I=,t6b5N+hWM1ASU5ndiWIkGe+7ZAQ=
-19,6,oEPz13ehk3UgpbqIyMIg0YauR0I=,t6b5N+hWM1ASU5ndiWIkGe+7ZAQ=
-18,6,oEPz13ehk3UgpbqIyMIg0YauR0I=,t6b5N+hWM1ASU5ndiWIkGe+7ZAQ=
-23,1,oEPz13ehk3UgpbqIyMIg0YauR0I=,t6b5N+hWM1ASU5ndiWIkGe+7ZAQ=
-17,6,oEPz13ehk3UgpbqIyMIg0YauR0I=,t6b5N+hWM1ASU5ndiWIkGe+7ZAQ=
-32,7,oEPz13ehk3UgpbqIyMIg0YauR0I=,t6b5N+hWM1ASU5ndiWIkGe+7ZAQ=
-22,2,oEPz13ehk3UgpbqIyMIg0YauR0I=,t6b5N+hWM1ASU5ndiWIkGe+7ZAQ=
-23,0,oEPz13ehk3UgpbqIyMIg0YauR0I=,t6b5N+hWM1ASU5ndiWIkGe+7ZAQ=
-31,7,oEPz13ehk3UgpbqIyMIg0YauR0I=,t6b5N+hWM1ASU5ndiWIkGe+7ZAQ=
-30,7,oEPz13ehk3UgpbqIyMIg0YauR0I=,t6b5N+hWM1ASU5ndiWIkGe+7ZAQ=
-29,7,oEPz13ehk3UgpbqIyMIg0YauR0I=,t6b5N+hWM1ASU5ndiWIkGe+7ZAQ=
-28,7,oEPz13ehk3UgpbqIyMIg0YauR0I=,t6b5N+hWM1ASU5ndiWIkGe+7ZAQ=
-27,7,oEPz13ehk3UgpbqIyMIg0YauR0I=,t6b5N+hWM1ASU5ndiWIkGe+7ZAQ=
-26,7,oEPz13ehk3UgpbqIyMIg0YauR0I=,t6b5N+hWM1ASU5ndiWIkGe+7ZAQ=
-25,7,oEPz13ehk3UgpbqIyMIg0YauR0I=,t6b5N+hWM1ASU5ndiWIkGe+7ZAQ=
-24,7,oEPz13ehk3UgpbqIyMIg0YauR0I=,t6b5N+hWM1ASU5ndiWIkGe+7ZAQ=
-23,7,oEPz13ehk3UgpbqIyMIg0YauR0I=,t6b5N+hWM1ASU5ndiWIkGe+7ZAQ=
-22,7,oEPz13ehk3UgpbqIyMIg0YauR0I=,t6b5N+hWM1ASU5ndiWIkGe+7ZAQ=
-21,7,oEPz13ehk3UgpbqIyMIg0YauR0I=,t6b5N+hWM1ASU5ndiWIkGe+7ZAQ=
-20,7,oEPz13ehk3UgpbqIyMIg0YauR0I=,t6b5N+hWM1ASU5ndiWIkGe+7ZAQ=
-18,7,oEPz13ehk3UgpbqIyMIg0YauR0I=,t6b5N+hWM1ASU5ndiWIkGe+7ZAQ=
-22,1,oEPz13ehk3UgpbqIyMIg0YauR0I=,t6b5N+hWM1ASU5ndiWIkGe+7ZAQ=
-32,8,oEPz13ehk3UgpbqIyMIg0YauR0I=,t6b5N+hWM1ASU5ndiWIkGe+7ZAQ=
-21,2,oEPz13ehk3UgpbqIyMIg0YauR0I=,t6b5N+hWM1ASU5ndiWIkGe+7ZAQ=
-22,0,oEPz13ehk3UgpbqIyMIg0YauR0I=,t6b5N+hWM1ASU5ndiWIkGe+7ZAQ=
-31,8,oEPz13ehk3UgpbqIyMIg0YauR0I=,t6b5N+hWM1ASU5ndiWIkGe+7ZAQ=
-30,8,oEPz13ehk3UgpbqIyMIg0YauR0I=,t6b5N+hWM1ASU5ndiWIkGe+7ZAQ=
-29,8,oEPz13ehk3UgpbqIyMIg0YauR0I=,t6b5N+hWM1ASU5ndiWIkGe+7ZAQ=
-28,8,oEPz13ehk3UgpbqIyMIg0YauR0I=,t6b5N+hWM1ASU5ndiWIkGe+7ZAQ=
-27,8,oEPz13ehk3UgpbqIyMIg0YauR0I=,t6b5N+hWM1ASU5ndiWIkGe+7ZAQ=
-26,8,oEPz13ehk3UgpbqIyMIg0YauR0I=,t6b5N+hWM1ASU5ndiWIkGe+7ZAQ=
-25,8,oEPz13ehk3UgpbqIyMIg0YauR0I=,t6b5N+hWM1ASU5ndiWIkGe+7ZAQ=
-24,8,oEPz13ehk3UgpbqIyMIg0YauR0I=,t6b5N+hWM1ASU5ndiWIkGe+7ZAQ=
-23,8,oEPz13ehk3UgpbqIyMIg0YauR0I=,t6b5N+hWM1ASU5ndiWIkGe+7ZAQ=
-22,8,oEPz13ehk3UgpbqIyMIg0YauR0I=,t6b5N+hWM1ASU5ndiWIkGe+7ZAQ=
-32,9,oEPz13ehk3UgpbqIyMIg0YauR0I=,t6b5N+hWM1ASU5ndiWIkGe+7ZAQ=
-21,0,oEPz13ehk3UgpbqIyMIg0YauR0I=,t6b5N+hWM1ASU5ndiWIkGe+7ZAQ=
-20,2,oEPz13ehk3UgpbqIyMIg0YauR0I=,t6b5N+hWM1ASU5ndiWIkGe+7ZAQ=
-30,9,oEPz13ehk3UgpbqIyMIg0YauR0I=,t6b5N+hWM1ASU5ndiWIkGe+7ZAQ=
-29,9,oEPz13ehk3UgpbqIyMIg0YauR0I=,t6b5N+hWM1ASU5ndiWIkGe+7ZAQ=
-21,1,oEPz13ehk3UgpbqIyMIg0YauR0I=,t6b5N+hWM1ASU5ndiWIkGe+7ZAQ=
-31,9,oEPz13ehk3UgpbqIyMIg0YauR0I=,t6b5N+hWM1ASU5ndiWIkGe+7ZAQ=
-28,9,oEPz13ehk3UgpbqIyMIg0YauR0I=,t6b5N+hWM1ASU5ndiWIkGe+7ZAQ=
-27,9,oEPz13ehk3UgpbqIyMIg0YauR0I=,t6b5N+hWM1ASU5ndiWIkGe+7ZAQ=
-26,9,oEPz13ehk3UgpbqIyMIg0YauR0I=,t6b5N+hWM1ASU5ndiWIkGe+7ZAQ=
-25,9,oEPz13ehk3UgpbqIyMIg0YauR0I=,t6b5N+hWM1ASU5ndiWIkGe+7ZAQ=
-24,9,oEPz13ehk3UgpbqIyMIg0YauR0I=,t6b5N+hWM1ASU5ndiWIkGe+7ZAQ=
-23,9,oEPz13ehk3UgpbqIyMIg0YauR0I=,t6b5N+hWM1ASU5ndiWIkGe+7ZAQ=
-22,9,oEPz13ehk3UgpbqIyMIg0YauR0I=,t6b5N+hWM1ASU5ndiWIkGe+7ZAQ=
-20,1,oEPz13ehk3UgpbqIyMIg0YauR0I=,t6b5N+hWM1ASU5ndiWIkGe+7ZAQ=
-20,0,oEPz13ehk3UgpbqIyMIg0YauR0I=,t6b5N+hWM1ASU5ndiWIkGe+7ZAQ=
-32,10,oEPz13ehk3UgpbqIyMIg0YauR0I=,t6b5N+hWM1ASU5ndiWIkGe+7ZAQ=
-19,2,oEPz13ehk3UgpbqIyMIg0YauR0I=,t6b5N+hWM1ASU5ndiWIkGe+7ZAQ=
-31,10,oEPz13ehk3UgpbqIyMIg0YauR0I=,t6b5N+hWM1ASU5ndiWIkGe+7ZAQ=
-30,10,oEPz13ehk3UgpbqIyMIg0YauR0I=,t6b5N+hWM1ASU5ndiWIkGe+7ZAQ=
-29,10,oEPz13ehk3UgpbqIyMIg0YauR0I=,t6b5N+hWM1ASU5ndiWIkGe+7ZAQ=
-28,10,oEPz13ehk3UgpbqIyMIg0YauR0I=,t6b5N+hWM1ASU5ndiWIkGe+7ZAQ=
-27,10,oEPz13ehk3UgpbqIyMIg0YauR0I=,t6b5N+hWM1ASU5ndiWIkGe+7ZAQ=
-26,10,oEPz13ehk3UgpbqIyMIg0YauR0I=,t6b5N+hWM1ASU5ndiWIkGe+7ZAQ=
-19,1,oEPz13ehk3UgpbqIyMIg0YauR0I=,t6b5N+hWM1ASU5ndiWIkGe+7ZAQ=
-18,2,oEPz13ehk3UgpbqIyMIg0YauR0I=,t6b5N+hWM1ASU5ndiWIkGe+7ZAQ=
-32,11,oEPz13ehk3UgpbqIyMIg0YauR0I=,t6b5N+hWM1ASU5ndiWIkGe+7ZAQ=
-19,0,oEPz13ehk3UgpbqIyMIg0YauR0I=,t6b5N+hWM1ASU5ndiWIkGe+7ZAQ=
-31,11,oEPz13ehk3UgpbqIyMIg0YauR0I=,t6b5N+hWM1ASU5ndiWIkGe+7ZAQ=
-29,11,oEPz13ehk3UgpbqIyMIg0YauR0I=,t6b5N+hWM1ASU5ndiWIkGe+7ZAQ=
-30,11,oEPz13ehk3UgpbqIyMIg0YauR0I=,t6b5N+hWM1ASU5ndiWIkGe+7ZAQ=
-28,11,oEPz13ehk3UgpbqIyMIg0YauR0I=,t6b5N+hWM1ASU5ndiWIkGe+7ZAQ=
-27,11,oEPz13ehk3UgpbqIyMIg0YauR0I=,t6b5N+hWM1ASU5ndiWIkGe+7ZAQ=
-26,11,oEPz13ehk3UgpbqIyMIg0YauR0I=,t6b5N+hWM1ASU5ndiWIkGe+7ZAQ=
-18,1,oEPz13ehk3UgpbqIyMIg0YauR0I=,t6b5N+hWM1ASU5ndiWIkGe+7ZAQ=
-17,1,oEPz13ehk3UgpbqIyMIg0YauR0I=,t6b5N+hWM1ASU5ndiWIkGe+7ZAQ=
-32,2,oEPz13ehk3UgpbqIyMIg0YauR0I=,t6b5N+hWM1ASU5ndiWIkGe+7ZAQ=
-17,2,oEPz13ehk3UgpbqIyMIg0YauR0I=,t6b5N+hWM1ASU5ndiWIkGe+7ZAQ=
-32,3,oEPz13ehk3UgpbqIyMIg0YauR0I=,t6b5N+hWM1ASU5ndiWIkGe+7ZAQ=
-18,0,oEPz13ehk3UgpbqIyMIg0YauR0I=,t6b5N+hWM1ASU5ndiWIkGe+7ZAQ=
-30,0,oEPz13ehk3UgpbqIyMIg0YauR0I=,t6b5N+hWM1ASU5ndiWIkGe+7ZAQ=
-17,0,oEPz13ehk3UgpbqIyMIg0YauR0I=,t6b5N+hWM1ASU5ndiWIkGe+7ZAQ=
-32,1,oEPz13ehk3UgpbqIyMIg0YauR0I=,t6b5N+hWM1ASU5ndiWIkGe+7ZAQ=
-32,12,oEPz13ehk3UgpbqIyMIg0YauR0I=,t6b5N+hWM1ASU5ndiWIkGe+7ZAQ=
-31,1,oEPz13ehk3UgpbqIyMIg0YauR0I=,t6b5N+hWM1ASU5ndiWIkGe+7ZAQ=
-31,12,oEPz13ehk3UgpbqIyMIg0YauR0I=,t6b5N+hWM1ASU5ndiWIkGe+7ZAQ=
-30,12,oEPz13ehk3UgpbqIyMIg0YauR0I=,t6b5N+hWM1ASU5ndiWIkGe+7ZAQ=
-29,12,oEPz13ehk3UgpbqIyMIg0YauR0I=,t6b5N+hWM1ASU5ndiWIkGe+7ZAQ=
-28,12,oEPz13ehk3UgpbqIyMIg0YauR0I=,t6b5N+hWM1ASU5ndiWIkGe+7ZAQ=
-25,12,oEPz13ehk3UgpbqIyMIg0YauR0I=,t6b5N+hWM1ASU5ndiWIkGe+7ZAQ=
-19,12,oEPz13ehk3UgpbqIyMIg0YauR0I=,t6b5N+hWM1ASU5ndiWIkGe+7ZAQ=
-32,0,oEPz13ehk3UgpbqIyMIg0YauR0I=,t6b5N+hWM1ASU5ndiWIkGe+7ZAQ=
-31,2,oEPz13ehk3UgpbqIyMIg0YauR0I=,t6b5N+hWM1ASU5ndiWIkGe+7ZAQ=
-30,1,oEPz13ehk3UgpbqIyMIg0YauR0I=,t6b5N+hWM1ASU5ndiWIkGe+7ZAQ=
-31,13,oEPz13ehk3UgpbqIyMIg0YauR0I=,t6b5N+hWM1ASU5ndiWIkGe+7ZAQ=
-30,13,oEPz13ehk3UgpbqIyMIg0YauR0I=,t6b5N+hWM1ASU5ndiWIkGe+7ZAQ=
-29,13,oEPz13ehk3UgpbqIyMIg0YauR0I=,t6b5N+hWM1ASU5ndiWIkGe+7ZAQ=
-28,13,oEPz13ehk3UgpbqIyMIg0YauR0I=,t6b5N+hWM1ASU5ndiWIkGe+7ZAQ=
-30,2,oEPz13ehk3UgpbqIyMIg0YauR0I=,t6b5N+hWM1ASU5ndiWIkGe+7ZAQ=
-32,14,oEPz13ehk3UgpbqIyMIg0YauR0I=,t6b5N+hWM1ASU5ndiWIkGe+7ZAQ=
-29,1,oEPz13ehk3UgpbqIyMIg0YauR0I=,t6b5N+hWM1ASU5ndiWIkGe+7ZAQ=
-31,14,oEPz13ehk3UgpbqIyMIg0YauR0I=,t6b5N+hWM1ASU5ndiWIkGe+7ZAQ=
-30,14,oEPz13ehk3UgpbqIyMIg0YauR0I=,t6b5N+hWM1ASU5ndiWIkGe+7ZAQ=
-29,2,oEPz13ehk3UgpbqIyMIg0YauR0I=,t6b5N+hWM1ASU5ndiWIkGe+7ZAQ=
-31,3,oEPz13ehk3UgpbqIyMIg0YauR0I=,t6b5N+hWM1ASU5ndiWIkGe+7ZAQ=
-28,0,oEPz13ehk3UgpbqIyMIg0YauR0I=,t6b5N+hWM1ASU5ndiWIkGe+7ZAQ=
-32,13,oEPz13ehk3UgpbqIyMIg0YauR0I=,t6b5N+hWM1ASU5ndiWIkGe+7ZAQ=
-32,15,oEPz13ehk3UgpbqIyMIg0YauR0I=,t6b5N+hWM1ASU5ndiWIkGe+7ZAQ=
-31,15,oEPz13ehk3UgpbqIyMIg0YauR0I=,t6b5N+hWM1ASU5ndiWIkGe+7ZAQ=
-30,15,oEPz13ehk3UgpbqIyMIg0YauR0I=,t6b5N+hWM1ASU5ndiWIkGe+7ZAQ=
-29,15,oEPz13ehk3UgpbqIyMIg0YauR0I=,t6b5N+hWM1ASU5ndiWIkGe+7ZAQ=
-31,0,oEPz13ehk3UgpbqIyMIg0YauR0I=,t6b5N+hWM1ASU5ndiWIkGe+7ZAQ=
-28,2,oEPz13ehk3UgpbqIyMIg0YauR0I=,t6b5N+hWM1ASU5ndiWIkGe+7ZAQ=
-30,3,oEPz13ehk3UgpbqIyMIg0YauR0I=,t6b5N+hWM1ASU5ndiWIkGe+7ZAQ=
-28,1,oEPz13ehk3UgpbqIyMIg0YauR0I=,t6b5N+hWM1ASU5ndiWIkGe+7ZAQ=
-27,1,oEPz13ehk3UgpbqIyMIg0YauR0I=,t6b5N+hWM1ASU5ndiWIkGe+7ZAQ=
-29,3,oEPz13ehk3UgpbqIyMIg0YauR0I=,t6b5N+hWM1ASU5ndiWIkGe+7ZAQ=
-28,3,oEPz13ehk3UgpbqIyMIg0YauR0I=,t6b5N+hWM1ASU5ndiWIkGe+7ZAQ=
-26,3,oEPz13ehk3UgpbqIyMIg0YauR0I=,t6b5N+hWM1ASU5ndiWIkGe+7ZAQ=
-26,2,oEPz13ehk3UgpbqIyMIg0YauR0I=,t6b5N+hWM1ASU5ndiWIkGe+7ZAQ=
-27,2,oEPz13ehk3UgpbqIyMIg0YauR0I=,t6b5N+hWM1ASU5ndiWIkGe+7ZAQ=
-27,3,oEPz13ehk3UgpbqIyMIg0YauR0I=,t6b5N+hWM1ASU5ndiWIkGe+7ZAQ=
-29,0,oEPz13ehk3UgpbqIyMIg0YauR0I=,t6b5N+hWM1ASU5ndiWIkGe+7ZAQ=
-20,8,oEPz13ehk3UgpbqIyMIg0YauR0I=,t6b5N+hWM1ASU5ndiWIkGe+7ZAQ=
-21,8,oEPz13ehk3UgpbqIyMIg0YauR0I=,t6b5N+hWM1ASU5ndiWIkGe+7ZAQ=
-19,7,oEPz13ehk3UgpbqIyMIg0YauR0I=,t6b5N+hWM1ASU5ndiWIkGe+7ZAQ=
-20,9,oEPz13ehk3UgpbqIyMIg0YauR0I=,t6b5N+hWM1ASU5ndiWIkGe+7ZAQ=
-19,8,oEPz13ehk3UgpbqIyMIg0YauR0I=,t6b5N+hWM1ASU5ndiWIkGe+7ZAQ=
-21,9,oEPz13ehk3UgpbqIyMIg0YauR0I=,t6b5N+hWM1ASU5ndiWIkGe+7ZAQ=
-17,8,oEPz13ehk3UgpbqIyMIg0YauR0I=,t6b5N+hWM1ASU5ndiWIkGe+7ZAQ=
-25,10,oEPz13ehk3UgpbqIyMIg0YauR0I=,t6b5N+hWM1ASU5ndiWIkGe+7ZAQ=
-17,7,oEPz13ehk3UgpbqIyMIg0YauR0I=,t6b5N+hWM1ASU5ndiWIkGe+7ZAQ=
-17,15,oEPz13ehk3UgpbqIyMIg0YauR0I=,t6b5N+hWM1ASU5ndiWIkGe+7ZAQ=
-23,10,oEPz13ehk3UgpbqIyMIg0YauR0I=,t6b5N+hWM1ASU5ndiWIkGe+7ZAQ=
-22,10,oEPz13ehk3UgpbqIyMIg0YauR0I=,t6b5N+hWM1ASU5ndiWIkGe+7ZAQ=
-21,10,oEPz13ehk3UgpbqIyMIg0YauR0I=,t6b5N+hWM1ASU5ndiWIkGe+7ZAQ=
-18,9,oEPz13ehk3UgpbqIyMIg0YauR0I=,t6b5N+hWM1ASU5ndiWIkGe+7ZAQ=
-17,9,oEPz13ehk3UgpbqIyMIg0YauR0I=,t6b5N+hWM1ASU5ndiWIkGe+7ZAQ=
-24,10,oEPz13ehk3UgpbqIyMIg0YauR0I=,t6b5N+hWM1ASU5ndiWIkGe+7ZAQ=
-18,15,oEPz13ehk3UgpbqIyMIg0YauR0I=,t6b5N+hWM1ASU5ndiWIkGe+7ZAQ=
-17,10,oEPz13ehk3UgpbqIyMIg0YauR0I=,t6b5N+hWM1ASU5ndiWIkGe+7ZAQ=
-20,10,oEPz13ehk3UgpbqIyMIg0YauR0I=,t6b5N+hWM1ASU5ndiWIkGe+7ZAQ=
-18,10,oEPz13ehk3UgpbqIyMIg0YauR0I=,t6b5N+hWM1ASU5ndiWIkGe+7ZAQ=
-18,8,oEPz13ehk3UgpbqIyMIg0YauR0I=,t6b5N+hWM1ASU5ndiWIkGe+7ZAQ=
-24,11,oEPz13ehk3UgpbqIyMIg0YauR0I=,t6b5N+hWM1ASU5ndiWIkGe+7ZAQ=
-19,9,oEPz13ehk3UgpbqIyMIg0YauR0I=,t6b5N+hWM1ASU5ndiWIkGe+7ZAQ=
-25,11,oEPz13ehk3UgpbqIyMIg0YauR0I=,t6b5N+hWM1ASU5ndiWIkGe+7ZAQ=
-19,10,oEPz13ehk3UgpbqIyMIg0YauR0I=,t6b5N+hWM1ASU5ndiWIkGe+7ZAQ=
-19,11,oEPz13ehk3UgpbqIyMIg0YauR0I=,t6b5N+hWM1ASU5ndiWIkGe+7ZAQ=
-27,12,oEPz13ehk3UgpbqIyMIg0YauR0I=,t6b5N+hWM1ASU5ndiWIkGe+7ZAQ=
-18,11,oEPz13ehk3UgpbqIyMIg0YauR0I=,t6b5N+hWM1ASU5ndiWIkGe+7ZAQ=
-23,11,oEPz13ehk3UgpbqIyMIg0YauR0I=,t6b5N+hWM1ASU5ndiWIkGe+7ZAQ=
-26,12,oEPz13ehk3UgpbqIyMIg0YauR0I=,t6b5N+hWM1ASU5ndiWIkGe+7ZAQ=
-21,11,oEPz13ehk3UgpbqIyMIg0YauR0I=,t6b5N+hWM1ASU5ndiWIkGe+7ZAQ=
-21,12,oEPz13ehk3UgpbqIyMIg0YauR0I=,t6b5N+hWM1ASU5ndiWIkGe+7ZAQ=
-20,11,oEPz13ehk3UgpbqIyMIg0YauR0I=,t6b5N+hWM1ASU5ndiWIkGe+7ZAQ=
-24,12,oEPz13ehk3UgpbqIyMIg0YauR0I=,t6b5N+hWM1ASU5ndiWIkGe+7ZAQ=
-23,12,oEPz13ehk3UgpbqIyMIg0YauR0I=,t6b5N+hWM1ASU5ndiWIkGe+7ZAQ=
-22,12,oEPz13ehk3UgpbqIyMIg0YauR0I=,t6b5N+hWM1ASU5ndiWIkGe+7ZAQ=
-27,13,oEPz13ehk3UgpbqIyMIg0YauR0I=,t6b5N+hWM1ASU5ndiWIkGe+7ZAQ=
-20,12,oEPz13ehk3UgpbqIyMIg0YauR0I=,t6b5N+hWM1ASU5ndiWIkGe+7ZAQ=
-25,13,oEPz13ehk3UgpbqIyMIg0YauR0I=,t6b5N+hWM1ASU5ndiWIkGe+7ZAQ=
-26,13,oEPz13ehk3UgpbqIyMIg0YauR0I=,t6b5N+hWM1ASU5ndiWIkGe+7ZAQ=
-22,13,oEPz13ehk3UgpbqIyMIg0YauR0I=,t6b5N+hWM1ASU5ndiWIkGe+7ZAQ=
-24,13,oEPz13ehk3UgpbqIyMIg0YauR0I=,t6b5N+hWM1ASU5ndiWIkGe+7ZAQ=
-22,11,oEPz13ehk3UgpbqIyMIg0YauR0I=,t6b5N+hWM1ASU5ndiWIkGe+7ZAQ=
-19,15,oEPz13ehk3UgpbqIyMIg0YauR0I=,t6b5N+hWM1ASU5ndiWIkGe+7ZAQ=
-21,13,oEPz13ehk3UgpbqIyMIg0YauR0I=,t6b5N+hWM1ASU5ndiWIkGe+7ZAQ=
-23,13,oEPz13ehk3UgpbqIyMIg0YauR0I=,t6b5N+hWM1ASU5ndiWIkGe+7ZAQ=
-17,11,oEPz13ehk3UgpbqIyMIg0YauR0I=,t6b5N+hWM1ASU5ndiWIkGe+7ZAQ=
-28,14,oEPz13ehk3UgpbqIyMIg0YauR0I=,t6b5N+hWM1ASU5ndiWIkGe+7ZAQ=
-29,14,oEPz13ehk3UgpbqIyMIg0YauR0I=,t6b5N+hWM1ASU5ndiWIkGe+7ZAQ=
-26,14,oEPz13ehk3UgpbqIyMIg0YauR0I=,t6b5N+hWM1ASU5ndiWIkGe+7ZAQ=
-20,15,oEPz13ehk3UgpbqIyMIg0YauR0I=,t6b5N+hWM1ASU5ndiWIkGe+7ZAQ=
-27,14,oEPz13ehk3UgpbqIyMIg0YauR0I=,t6b5N+hWM1ASU5ndiWIkGe+7ZAQ=
-19,13,oEPz13ehk3UgpbqIyMIg0YauR0I=,t6b5N+hWM1ASU5ndiWIkGe+7ZAQ=
-25,14,oEPz13ehk3UgpbqIyMIg0YauR0I=,t6b5N+hWM1ASU5ndiWIkGe+7ZAQ=
-21,15,oEPz13ehk3UgpbqIyMIg0YauR0I=,t6b5N+hWM1ASU5ndiWIkGe+7ZAQ=
-23,14,oEPz13ehk3UgpbqIyMIg0YauR0I=,t6b5N+hWM1ASU5ndiWIkGe+7ZAQ=
-22,14,oEPz13ehk3UgpbqIyMIg0YauR0I=,t6b5N+hWM1ASU5ndiWIkGe+7ZAQ=
-22,15,oEPz13ehk3UgpbqIyMIg0YauR0I=,t6b5N+hWM1ASU5ndiWIkGe+7ZAQ=
-20,13,oEPz13ehk3UgpbqIyMIg0YauR0I=,t6b5N+hWM1ASU5ndiWIkGe+7ZAQ=
-18,12,oEPz13ehk3UgpbqIyMIg0YauR0I=,t6b5N+hWM1ASU5ndiWIkGe+7ZAQ=
-17,13,oEPz13ehk3UgpbqIyMIg0YauR0I=,t6b5N+hWM1ASU5ndiWIkGe+7ZAQ=
-21,14,oEPz13ehk3UgpbqIyMIg0YauR0I=,t6b5N+hWM1ASU5ndiWIkGe+7ZAQ=
-28,15,oEPz13ehk3UgpbqIyMIg0YauR0I=,t6b5N+hWM1ASU5ndiWIkGe+7ZAQ=
-23,15,oEPz13ehk3UgpbqIyMIg0YauR0I=,t6b5N+hWM1ASU5ndiWIkGe+7ZAQ=
-24,14,oEPz13ehk3UgpbqIyMIg0YauR0I=,t6b5N+hWM1ASU5ndiWIkGe+7ZAQ=
-17,12,oEPz13ehk3UgpbqIyMIg0YauR0I=,t6b5N+hWM1ASU5ndiWIkGe+7ZAQ=
-27,15,oEPz13ehk3UgpbqIyMIg0YauR0I=,t6b5N+hWM1ASU5ndiWIkGe+7ZAQ=
-24,15,oEPz13ehk3UgpbqIyMIg0YauR0I=,t6b5N+hWM1ASU5ndiWIkGe+7ZAQ=
-18,13,oEPz13ehk3UgpbqIyMIg0YauR0I=,t6b5N+hWM1ASU5ndiWIkGe+7ZAQ=
-26,15,oEPz13ehk3UgpbqIyMIg0YauR0I=,t6b5N+hWM1ASU5ndiWIkGe+7ZAQ=
-25,15,oEPz13ehk3UgpbqIyMIg0YauR0I=,t6b5N+hWM1ASU5ndiWIkGe+7ZAQ=
-20,14,oEPz13ehk3UgpbqIyMIg0YauR0I=,t6b5N+hWM1ASU5ndiWIkGe+7ZAQ=
-19,14,oEPz13ehk3UgpbqIyMIg0YauR0I=,t6b5N+hWM1ASU5ndiWIkGe+7ZAQ=
-18,14,oEPz13ehk3UgpbqIyMIg0YauR0I=,t6b5N+hWM1ASU5ndiWIkGe+7ZAQ=
-17,14,oEPz13ehk3UgpbqIyMIg0YauR0I=,t6b5N+hWM1ASU5ndiWIkGe+7ZAQ=
-25,19,Zgeys9BxHSzJbX9JfbcJ3wnQvlc=,JPAp+2UIoFc0UJgu46ddS/Hi80g=
-24,19,Zgeys9BxHSzJbX9JfbcJ3wnQvlc=,JPAp+2UIoFc0UJgu46ddS/Hi80g=
-23,19,Zgeys9BxHSzJbX9JfbcJ3wnQvlc=,JPAp+2UIoFc0UJgu46ddS/Hi80g=
-29,19,Zgeys9BxHSzJbX9JfbcJ3wnQvlc=,JPAp+2UIoFc0UJgu46ddS/Hi80g=
-28,19,Zgeys9BxHSzJbX9JfbcJ3wnQvlc=,JPAp+2UIoFc0UJgu46ddS/Hi80g=
-27,17,Zgeys9BxHSzJbX9JfbcJ3wnQvlc=,JPAp+2UIoFc0UJgu46ddS/Hi80g=
-31,16,Zgeys9BxHSzJbX9JfbcJ3wnQvlc=,JPAp+2UIoFc0UJgu46ddS/Hi80g=
-27,19,Zgeys9BxHSzJbX9JfbcJ3wnQvlc=,JPAp+2UIoFc0UJgu46ddS/Hi80g=
-17,31,Zgeys9BxHSzJbX9JfbcJ3wnQvlc=,JPAp+2UIoFc0UJgu46ddS/Hi80g=
-29,16,Zgeys9BxHSzJbX9JfbcJ3wnQvlc=,JPAp+2UIoFc0UJgu46ddS/Hi80g=
-26,18,Zgeys9BxHSzJbX9JfbcJ3wnQvlc=,JPAp+2UIoFc0UJgu46ddS/Hi80g=
-18,31,Zgeys9BxHSzJbX9JfbcJ3wnQvlc=,JPAp+2UIoFc0UJgu46ddS/Hi80g=
-19,31,Zgeys9BxHSzJbX9JfbcJ3wnQvlc=,JPAp+2UIoFc0UJgu46ddS/Hi80g=
-20,31,Zgeys9BxHSzJbX9JfbcJ3wnQvlc=,JPAp+2UIoFc0UJgu46ddS/Hi80g=
-21,31,Zgeys9BxHSzJbX9JfbcJ3wnQvlc=,JPAp+2UIoFc0UJgu46ddS/Hi80g=
-22,31,Zgeys9BxHSzJbX9JfbcJ3wnQvlc=,JPAp+2UIoFc0UJgu46ddS/Hi80g=
-23,31,Zgeys9BxHSzJbX9JfbcJ3wnQvlc=,JPAp+2UIoFc0UJgu46ddS/Hi80g=
-24,31,Zgeys9BxHSzJbX9JfbcJ3wnQvlc=,JPAp+2UIoFc0UJgu46ddS/Hi80g=
-25,31,Zgeys9BxHSzJbX9JfbcJ3wnQvlc=,JPAp+2UIoFc0UJgu46ddS/Hi80g=
-26,31,Zgeys9BxHSzJbX9JfbcJ3wnQvlc=,JPAp+2UIoFc0UJgu46ddS/Hi80g=
-27,31,Zgeys9BxHSzJbX9JfbcJ3wnQvlc=,JPAp+2UIoFc0UJgu46ddS/Hi80g=
-28,31,Zgeys9BxHSzJbX9JfbcJ3wnQvlc=,JPAp+2UIoFc0UJgu46ddS/Hi80g=
-29,31,Zgeys9BxHSzJbX9JfbcJ3wnQvlc=,JPAp+2UIoFc0UJgu46ddS/Hi80g=
-27,18,Zgeys9BxHSzJbX9JfbcJ3wnQvlc=,JPAp+2UIoFc0UJgu46ddS/Hi80g=
-27,16,Zgeys9BxHSzJbX9JfbcJ3wnQvlc=,JPAp+2UIoFc0UJgu46ddS/Hi80g=
-28,17,Zgeys9BxHSzJbX9JfbcJ3wnQvlc=,JPAp+2UIoFc0UJgu46ddS/Hi80g=
-31,31,Zgeys9BxHSzJbX9JfbcJ3wnQvlc=,JPAp+2UIoFc0UJgu46ddS/Hi80g=
-32,31,Zgeys9BxHSzJbX9JfbcJ3wnQvlc=,JPAp+2UIoFc0UJgu46ddS/Hi80g=
-17,30,Zgeys9BxHSzJbX9JfbcJ3wnQvlc=,JPAp+2UIoFc0UJgu46ddS/Hi80g=
-19,30,Zgeys9BxHSzJbX9JfbcJ3wnQvlc=,JPAp+2UIoFc0UJgu46ddS/Hi80g=
-18,30,Zgeys9BxHSzJbX9JfbcJ3wnQvlc=,JPAp+2UIoFc0UJgu46ddS/Hi80g=
-21,30,Zgeys9BxHSzJbX9JfbcJ3wnQvlc=,JPAp+2UIoFc0UJgu46ddS/Hi80g=
-20,30,Zgeys9BxHSzJbX9JfbcJ3wnQvlc=,JPAp+2UIoFc0UJgu46ddS/Hi80g=
-22,30,Zgeys9BxHSzJbX9JfbcJ3wnQvlc=,JPAp+2UIoFc0UJgu46ddS/Hi80g=
-23,30,Zgeys9BxHSzJbX9JfbcJ3wnQvlc=,JPAp+2UIoFc0UJgu46ddS/Hi80g=
-24,30,Zgeys9BxHSzJbX9JfbcJ3wnQvlc=,JPAp+2UIoFc0UJgu46ddS/Hi80g=
-25,30,Zgeys9BxHSzJbX9JfbcJ3wnQvlc=,JPAp+2UIoFc0UJgu46ddS/Hi80g=
-26,30,Zgeys9BxHSzJbX9JfbcJ3wnQvlc=,JPAp+2UIoFc0UJgu46ddS/Hi80g=
-27,30,Zgeys9BxHSzJbX9JfbcJ3wnQvlc=,JPAp+2UIoFc0UJgu46ddS/Hi80g=
-28,30,Zgeys9BxHSzJbX9JfbcJ3wnQvlc=,JPAp+2UIoFc0UJgu46ddS/Hi80g=
-30,19,Zgeys9BxHSzJbX9JfbcJ3wnQvlc=,JPAp+2UIoFc0UJgu46ddS/Hi80g=
-30,31,Zgeys9BxHSzJbX9JfbcJ3wnQvlc=,JPAp+2UIoFc0UJgu46ddS/Hi80g=
-26,19,Zgeys9BxHSzJbX9JfbcJ3wnQvlc=,JPAp+2UIoFc0UJgu46ddS/Hi80g=
-30,30,Zgeys9BxHSzJbX9JfbcJ3wnQvlc=,JPAp+2UIoFc0UJgu46ddS/Hi80g=
-29,30,Zgeys9BxHSzJbX9JfbcJ3wnQvlc=,JPAp+2UIoFc0UJgu46ddS/Hi80g=
-31,30,Zgeys9BxHSzJbX9JfbcJ3wnQvlc=,JPAp+2UIoFc0UJgu46ddS/Hi80g=
-17,29,Zgeys9BxHSzJbX9JfbcJ3wnQvlc=,JPAp+2UIoFc0UJgu46ddS/Hi80g=
-19,29,Zgeys9BxHSzJbX9JfbcJ3wnQvlc=,JPAp+2UIoFc0UJgu46ddS/Hi80g=
-20,29,Zgeys9BxHSzJbX9JfbcJ3wnQvlc=,JPAp+2UIoFc0UJgu46ddS/Hi80g=
-18,29,Zgeys9BxHSzJbX9JfbcJ3wnQvlc=,JPAp+2UIoFc0UJgu46ddS/Hi80g=
-22,29,Zgeys9BxHSzJbX9JfbcJ3wnQvlc=,JPAp+2UIoFc0UJgu46ddS/Hi80g=
-21,29,Zgeys9BxHSzJbX9JfbcJ3wnQvlc=,JPAp+2UIoFc0UJgu46ddS/Hi80g=
-23,29,Zgeys9BxHSzJbX9JfbcJ3wnQvlc=,JPAp+2UIoFc0UJgu46ddS/Hi80g=
-24,29,Zgeys9BxHSzJbX9JfbcJ3wnQvlc=,JPAp+2UIoFc0UJgu46ddS/Hi80g=
-25,29,Zgeys9BxHSzJbX9JfbcJ3wnQvlc=,JPAp+2UIoFc0UJgu46ddS/Hi80g=
-26,29,Zgeys9BxHSzJbX9JfbcJ3wnQvlc=,JPAp+2UIoFc0UJgu46ddS/Hi80g=
-27,29,Zgeys9BxHSzJbX9JfbcJ3wnQvlc=,JPAp+2UIoFc0UJgu46ddS/Hi80g=
-32,30,Zgeys9BxHSzJbX9JfbcJ3wnQvlc=,JPAp+2UIoFc0UJgu46ddS/Hi80g=
-29,29,Zgeys9BxHSzJbX9JfbcJ3wnQvlc=,JPAp+2UIoFc0UJgu46ddS/Hi80g=
-30,29,Zgeys9BxHSzJbX9JfbcJ3wnQvlc=,JPAp+2UIoFc0UJgu46ddS/Hi80g=
-28,16,Zgeys9BxHSzJbX9JfbcJ3wnQvlc=,JPAp+2UIoFc0UJgu46ddS/Hi80g=
-28,29,Zgeys9BxHSzJbX9JfbcJ3wnQvlc=,JPAp+2UIoFc0UJgu46ddS/Hi80g=
-31,19,Zgeys9BxHSzJbX9JfbcJ3wnQvlc=,JPAp+2UIoFc0UJgu46ddS/Hi80g=
-17,28,Zgeys9BxHSzJbX9JfbcJ3wnQvlc=,JPAp+2UIoFc0UJgu46ddS/Hi80g=
-31,29,Zgeys9BxHSzJbX9JfbcJ3wnQvlc=,JPAp+2UIoFc0UJgu46ddS/Hi80g=
-32,16,Zgeys9BxHSzJbX9JfbcJ3wnQvlc=,JPAp+2UIoFc0UJgu46ddS/Hi80g=
-18,28,Zgeys9BxHSzJbX9JfbcJ3wnQvlc=,JPAp+2UIoFc0UJgu46ddS/Hi80g=
-19,28,Zgeys9BxHSzJbX9JfbcJ3wnQvlc=,JPAp+2UIoFc0UJgu46ddS/Hi80g=
-20,28,Zgeys9BxHSzJbX9JfbcJ3wnQvlc=,JPAp+2UIoFc0UJgu46ddS/Hi80g=
-21,28,Zgeys9BxHSzJbX9JfbcJ3wnQvlc=,JPAp+2UIoFc0UJgu46ddS/Hi80g=
-22,28,Zgeys9BxHSzJbX9JfbcJ3wnQvlc=,JPAp+2UIoFc0UJgu46ddS/Hi80g=
-23,28,Zgeys9BxHSzJbX9JfbcJ3wnQvlc=,JPAp+2UIoFc0UJgu46ddS/Hi80g=
-24,28,Zgeys9BxHSzJbX9JfbcJ3wnQvlc=,JPAp+2UIoFc0UJgu46ddS/Hi80g=
-25,28,Zgeys9BxHSzJbX9JfbcJ3wnQvlc=,JPAp+2UIoFc0UJgu46ddS/Hi80g=
-26,28,Zgeys9BxHSzJbX9JfbcJ3wnQvlc=,JPAp+2UIoFc0UJgu46ddS/Hi80g=
-27,28,Zgeys9BxHSzJbX9JfbcJ3wnQvlc=,JPAp+2UIoFc0UJgu46ddS/Hi80g=
-28,28,Zgeys9BxHSzJbX9JfbcJ3wnQvlc=,JPAp+2UIoFc0UJgu46ddS/Hi80g=
-32,29,Zgeys9BxHSzJbX9JfbcJ3wnQvlc=,JPAp+2UIoFc0UJgu46ddS/Hi80g=
-28,18,Zgeys9BxHSzJbX9JfbcJ3wnQvlc=,JPAp+2UIoFc0UJgu46ddS/Hi80g=
-29,28,Zgeys9BxHSzJbX9JfbcJ3wnQvlc=,JPAp+2UIoFc0UJgu46ddS/Hi80g=
-31,17,Zgeys9BxHSzJbX9JfbcJ3wnQvlc=,JPAp+2UIoFc0UJgu46ddS/Hi80g=
-29,17,Zgeys9BxHSzJbX9JfbcJ3wnQvlc=,JPAp+2UIoFc0UJgu46ddS/Hi80g=
-32,17,Zgeys9BxHSzJbX9JfbcJ3wnQvlc=,JPAp+2UIoFc0UJgu46ddS/Hi80g=
-31,28,Zgeys9BxHSzJbX9JfbcJ3wnQvlc=,JPAp+2UIoFc0UJgu46ddS/Hi80g=
-32,28,Zgeys9BxHSzJbX9JfbcJ3wnQvlc=,JPAp+2UIoFc0UJgu46ddS/Hi80g=
-31,18,Zgeys9BxHSzJbX9JfbcJ3wnQvlc=,JPAp+2UIoFc0UJgu46ddS/Hi80g=
-30,28,Zgeys9BxHSzJbX9JfbcJ3wnQvlc=,JPAp+2UIoFc0UJgu46ddS/Hi80g=
-32,18,Zgeys9BxHSzJbX9JfbcJ3wnQvlc=,JPAp+2UIoFc0UJgu46ddS/Hi80g=
-30,16,Zgeys9BxHSzJbX9JfbcJ3wnQvlc=,JPAp+2UIoFc0UJgu46ddS/Hi80g=
-30,17,Zgeys9BxHSzJbX9JfbcJ3wnQvlc=,JPAp+2UIoFc0UJgu46ddS/Hi80g=
-17,27,Zgeys9BxHSzJbX9JfbcJ3wnQvlc=,JPAp+2UIoFc0UJgu46ddS/Hi80g=
-32,19,Zgeys9BxHSzJbX9JfbcJ3wnQvlc=,JPAp+2UIoFc0UJgu46ddS/Hi80g=
-18,27,Zgeys9BxHSzJbX9JfbcJ3wnQvlc=,JPAp+2UIoFc0UJgu46ddS/Hi80g=
-19,27,Zgeys9BxHSzJbX9JfbcJ3wnQvlc=,JPAp+2UIoFc0UJgu46ddS/Hi80g=
-20,27,Zgeys9BxHSzJbX9JfbcJ3wnQvlc=,JPAp+2UIoFc0UJgu46ddS/Hi80g=
-21,27,Zgeys9BxHSzJbX9JfbcJ3wnQvlc=,JPAp+2UIoFc0UJgu46ddS/Hi80g=
-22,27,Zgeys9BxHSzJbX9JfbcJ3wnQvlc=,JPAp+2UIoFc0UJgu46ddS/Hi80g=
-23,27,Zgeys9BxHSzJbX9JfbcJ3wnQvlc=,JPAp+2UIoFc0UJgu46ddS/Hi80g=
-24,27,Zgeys9BxHSzJbX9JfbcJ3wnQvlc=,JPAp+2UIoFc0UJgu46ddS/Hi80g=
-25,27,Zgeys9BxHSzJbX9JfbcJ3wnQvlc=,JPAp+2UIoFc0UJgu46ddS/Hi80g=
-17,18,Zgeys9BxHSzJbX9JfbcJ3wnQvlc=,JPAp+2UIoFc0UJgu46ddS/Hi80g=
-26,27,Zgeys9BxHSzJbX9JfbcJ3wnQvlc=,JPAp+2UIoFc0UJgu46ddS/Hi80g=
-27,27,Zgeys9BxHSzJbX9JfbcJ3wnQvlc=,JPAp+2UIoFc0UJgu46ddS/Hi80g=
-28,27,Zgeys9BxHSzJbX9JfbcJ3wnQvlc=,JPAp+2UIoFc0UJgu46ddS/Hi80g=
-30,27,Zgeys9BxHSzJbX9JfbcJ3wnQvlc=,JPAp+2UIoFc0UJgu46ddS/Hi80g=
-29,27,Zgeys9BxHSzJbX9JfbcJ3wnQvlc=,JPAp+2UIoFc0UJgu46ddS/Hi80g=
-32,27,Zgeys9BxHSzJbX9JfbcJ3wnQvlc=,JPAp+2UIoFc0UJgu46ddS/Hi80g=
-31,27,Zgeys9BxHSzJbX9JfbcJ3wnQvlc=,JPAp+2UIoFc0UJgu46ddS/Hi80g=
-30,18,Zgeys9BxHSzJbX9JfbcJ3wnQvlc=,JPAp+2UIoFc0UJgu46ddS/Hi80g=
-17,26,Zgeys9BxHSzJbX9JfbcJ3wnQvlc=,JPAp+2UIoFc0UJgu46ddS/Hi80g=
-18,26,Zgeys9BxHSzJbX9JfbcJ3wnQvlc=,JPAp+2UIoFc0UJgu46ddS/Hi80g=
-19,26,Zgeys9BxHSzJbX9JfbcJ3wnQvlc=,JPAp+2UIoFc0UJgu46ddS/Hi80g=
-20,26,Zgeys9BxHSzJbX9JfbcJ3wnQvlc=,JPAp+2UIoFc0UJgu46ddS/Hi80g=
-21,26,Zgeys9BxHSzJbX9JfbcJ3wnQvlc=,JPAp+2UIoFc0UJgu46ddS/Hi80g=
-22,26,Zgeys9BxHSzJbX9JfbcJ3wnQvlc=,JPAp+2UIoFc0UJgu46ddS/Hi80g=
-23,26,Zgeys9BxHSzJbX9JfbcJ3wnQvlc=,JPAp+2UIoFc0UJgu46ddS/Hi80g=
-19,16,Zgeys9BxHSzJbX9JfbcJ3wnQvlc=,JPAp+2UIoFc0UJgu46ddS/Hi80g=
-25,26,Zgeys9BxHSzJbX9JfbcJ3wnQvlc=,JPAp+2UIoFc0UJgu46ddS/Hi80g=
-17,17,Zgeys9BxHSzJbX9JfbcJ3wnQvlc=,JPAp+2UIoFc0UJgu46ddS/Hi80g=
-18,18,Zgeys9BxHSzJbX9JfbcJ3wnQvlc=,JPAp+2UIoFc0UJgu46ddS/Hi80g=
-26,26,Zgeys9BxHSzJbX9JfbcJ3wnQvlc=,JPAp+2UIoFc0UJgu46ddS/Hi80g=
-29,18,Zgeys9BxHSzJbX9JfbcJ3wnQvlc=,JPAp+2UIoFc0UJgu46ddS/Hi80g=
-27,26,Zgeys9BxHSzJbX9JfbcJ3wnQvlc=,JPAp+2UIoFc0UJgu46ddS/Hi80g=
-17,16,Zgeys9BxHSzJbX9JfbcJ3wnQvlc=,JPAp+2UIoFc0UJgu46ddS/Hi80g=
-28,26,Zgeys9BxHSzJbX9JfbcJ3wnQvlc=,JPAp+2UIoFc0UJgu46ddS/Hi80g=
-29,26,Zgeys9BxHSzJbX9JfbcJ3wnQvlc=,JPAp+2UIoFc0UJgu46ddS/Hi80g=
-24,26,Zgeys9BxHSzJbX9JfbcJ3wnQvlc=,JPAp+2UIoFc0UJgu46ddS/Hi80g=
-32,26,Zgeys9BxHSzJbX9JfbcJ3wnQvlc=,JPAp+2UIoFc0UJgu46ddS/Hi80g=
-17,25,Zgeys9BxHSzJbX9JfbcJ3wnQvlc=,JPAp+2UIoFc0UJgu46ddS/Hi80g=
-18,25,Zgeys9BxHSzJbX9JfbcJ3wnQvlc=,JPAp+2UIoFc0UJgu46ddS/Hi80g=
-19,25,Zgeys9BxHSzJbX9JfbcJ3wnQvlc=,JPAp+2UIoFc0UJgu46ddS/Hi80g=
-20,25,Zgeys9BxHSzJbX9JfbcJ3wnQvlc=,JPAp+2UIoFc0UJgu46ddS/Hi80g=
-21,25,Zgeys9BxHSzJbX9JfbcJ3wnQvlc=,JPAp+2UIoFc0UJgu46ddS/Hi80g=
-22,25,Zgeys9BxHSzJbX9JfbcJ3wnQvlc=,JPAp+2UIoFc0UJgu46ddS/Hi80g=
-23,25,Zgeys9BxHSzJbX9JfbcJ3wnQvlc=,JPAp+2UIoFc0UJgu46ddS/Hi80g=
-31,26,Zgeys9BxHSzJbX9JfbcJ3wnQvlc=,JPAp+2UIoFc0UJgu46ddS/Hi80g=
-30,26,Zgeys9BxHSzJbX9JfbcJ3wnQvlc=,JPAp+2UIoFc0UJgu46ddS/Hi80g=
-25,25,Zgeys9BxHSzJbX9JfbcJ3wnQvlc=,JPAp+2UIoFc0UJgu46ddS/Hi80g=
-24,25,Zgeys9BxHSzJbX9JfbcJ3wnQvlc=,JPAp+2UIoFc0UJgu46ddS/Hi80g=
-26,25,Zgeys9BxHSzJbX9JfbcJ3wnQvlc=,JPAp+2UIoFc0UJgu46ddS/Hi80g=
-18,17,Zgeys9BxHSzJbX9JfbcJ3wnQvlc=,JPAp+2UIoFc0UJgu46ddS/Hi80g=
-30,25,Zgeys9BxHSzJbX9JfbcJ3wnQvlc=,JPAp+2UIoFc0UJgu46ddS/Hi80g=
-29,25,Zgeys9BxHSzJbX9JfbcJ3wnQvlc=,JPAp+2UIoFc0UJgu46ddS/Hi80g=
-28,25,Zgeys9BxHSzJbX9JfbcJ3wnQvlc=,JPAp+2UIoFc0UJgu46ddS/Hi80g=
-17,24,Zgeys9BxHSzJbX9JfbcJ3wnQvlc=,JPAp+2UIoFc0UJgu46ddS/Hi80g=
-31,25,Zgeys9BxHSzJbX9JfbcJ3wnQvlc=,JPAp+2UIoFc0UJgu46ddS/Hi80g=
-18,24,Zgeys9BxHSzJbX9JfbcJ3wnQvlc=,JPAp+2UIoFc0UJgu46ddS/Hi80g=
-19,24,Zgeys9BxHSzJbX9JfbcJ3wnQvlc=,JPAp+2UIoFc0UJgu46ddS/Hi80g=
-20,24,Zgeys9BxHSzJbX9JfbcJ3wnQvlc=,JPAp+2UIoFc0UJgu46ddS/Hi80g=
-21,24,Zgeys9BxHSzJbX9JfbcJ3wnQvlc=,JPAp+2UIoFc0UJgu46ddS/Hi80g=
-22,24,Zgeys9BxHSzJbX9JfbcJ3wnQvlc=,JPAp+2UIoFc0UJgu46ddS/Hi80g=
-23,24,Zgeys9BxHSzJbX9JfbcJ3wnQvlc=,JPAp+2UIoFc0UJgu46ddS/Hi80g=
-32,25,Zgeys9BxHSzJbX9JfbcJ3wnQvlc=,JPAp+2UIoFc0UJgu46ddS/Hi80g=
-24,24,Zgeys9BxHSzJbX9JfbcJ3wnQvlc=,JPAp+2UIoFc0UJgu46ddS/Hi80g=
-27,25,Zgeys9BxHSzJbX9JfbcJ3wnQvlc=,JPAp+2UIoFc0UJgu46ddS/Hi80g=
-26,24,Zgeys9BxHSzJbX9JfbcJ3wnQvlc=,JPAp+2UIoFc0UJgu46ddS/Hi80g=
-29,24,Zgeys9BxHSzJbX9JfbcJ3wnQvlc=,JPAp+2UIoFc0UJgu46ddS/Hi80g=
-30,24,Zgeys9BxHSzJbX9JfbcJ3wnQvlc=,JPAp+2UIoFc0UJgu46ddS/Hi80g=
-21,17,Zgeys9BxHSzJbX9JfbcJ3wnQvlc=,JPAp+2UIoFc0UJgu46ddS/Hi80g=
-31,24,Zgeys9BxHSzJbX9JfbcJ3wnQvlc=,JPAp+2UIoFc0UJgu46ddS/Hi80g=
-19,18,Zgeys9BxHSzJbX9JfbcJ3wnQvlc=,JPAp+2UIoFc0UJgu46ddS/Hi80g=
-19,17,Zgeys9BxHSzJbX9JfbcJ3wnQvlc=,JPAp+2UIoFc0UJgu46ddS/Hi80g=
-17,23,Zgeys9BxHSzJbX9JfbcJ3wnQvlc=,JPAp+2UIoFc0UJgu46ddS/Hi80g=
-20,16,Zgeys9BxHSzJbX9JfbcJ3wnQvlc=,JPAp+2UIoFc0UJgu46ddS/Hi80g=
-18,23,Zgeys9BxHSzJbX9JfbcJ3wnQvlc=,JPAp+2UIoFc0UJgu46ddS/Hi80g=
-19,23,Zgeys9BxHSzJbX9JfbcJ3wnQvlc=,JPAp+2UIoFc0UJgu46ddS/Hi80g=
-20,23,Zgeys9BxHSzJbX9JfbcJ3wnQvlc=,JPAp+2UIoFc0UJgu46ddS/Hi80g=
-21,23,Zgeys9BxHSzJbX9JfbcJ3wnQvlc=,JPAp+2UIoFc0UJgu46ddS/Hi80g=
-22,23,Zgeys9BxHSzJbX9JfbcJ3wnQvlc=,JPAp+2UIoFc0UJgu46ddS/Hi80g=
-28,24,Zgeys9BxHSzJbX9JfbcJ3wnQvlc=,JPAp+2UIoFc0UJgu46ddS/Hi80g=
-20,17,Zgeys9BxHSzJbX9JfbcJ3wnQvlc=,JPAp+2UIoFc0UJgu46ddS/Hi80g=
-32,24,Zgeys9BxHSzJbX9JfbcJ3wnQvlc=,JPAp+2UIoFc0UJgu46ddS/Hi80g=
-27,24,Zgeys9BxHSzJbX9JfbcJ3wnQvlc=,JPAp+2UIoFc0UJgu46ddS/Hi80g=
-25,24,Zgeys9BxHSzJbX9JfbcJ3wnQvlc=,JPAp+2UIoFc0UJgu46ddS/Hi80g=
-28,23,Zgeys9BxHSzJbX9JfbcJ3wnQvlc=,JPAp+2UIoFc0UJgu46ddS/Hi80g=
-29,23,Zgeys9BxHSzJbX9JfbcJ3wnQvlc=,JPAp+2UIoFc0UJgu46ddS/Hi80g=
-30,23,Zgeys9BxHSzJbX9JfbcJ3wnQvlc=,JPAp+2UIoFc0UJgu46ddS/Hi80g=
-22,16,Zgeys9BxHSzJbX9JfbcJ3wnQvlc=,JPAp+2UIoFc0UJgu46ddS/Hi80g=
-22,17,Zgeys9BxHSzJbX9JfbcJ3wnQvlc=,JPAp+2UIoFc0UJgu46ddS/Hi80g=
-18,16,Zgeys9BxHSzJbX9JfbcJ3wnQvlc=,JPAp+2UIoFc0UJgu46ddS/Hi80g=
-22,18,Zgeys9BxHSzJbX9JfbcJ3wnQvlc=,JPAp+2UIoFc0UJgu46ddS/Hi80g=
-17,22,Zgeys9BxHSzJbX9JfbcJ3wnQvlc=,JPAp+2UIoFc0UJgu46ddS/Hi80g=
-26,23,Zgeys9BxHSzJbX9JfbcJ3wnQvlc=,JPAp+2UIoFc0UJgu46ddS/Hi80g=
-18,22,Zgeys9BxHSzJbX9JfbcJ3wnQvlc=,JPAp+2UIoFc0UJgu46ddS/Hi80g=
-27,23,Zgeys9BxHSzJbX9JfbcJ3wnQvlc=,JPAp+2UIoFc0UJgu46ddS/Hi80g=
-20,22,Zgeys9BxHSzJbX9JfbcJ3wnQvlc=,JPAp+2UIoFc0UJgu46ddS/Hi80g=
-23,17,Zgeys9BxHSzJbX9JfbcJ3wnQvlc=,JPAp+2UIoFc0UJgu46ddS/Hi80g=
-19,22,Zgeys9BxHSzJbX9JfbcJ3wnQvlc=,JPAp+2UIoFc0UJgu46ddS/Hi80g=
-21,22,Zgeys9BxHSzJbX9JfbcJ3wnQvlc=,JPAp+2UIoFc0UJgu46ddS/Hi80g=
-23,16,Zgeys9BxHSzJbX9JfbcJ3wnQvlc=,JPAp+2UIoFc0UJgu46ddS/Hi80g=
-26,22,Zgeys9BxHSzJbX9JfbcJ3wnQvlc=,JPAp+2UIoFc0UJgu46ddS/Hi80g=
-27,22,Zgeys9BxHSzJbX9JfbcJ3wnQvlc=,JPAp+2UIoFc0UJgu46ddS/Hi80g=
-28,22,Zgeys9BxHSzJbX9JfbcJ3wnQvlc=,JPAp+2UIoFc0UJgu46ddS/Hi80g=
-29,22,Zgeys9BxHSzJbX9JfbcJ3wnQvlc=,JPAp+2UIoFc0UJgu46ddS/Hi80g=
-25,23,Zgeys9BxHSzJbX9JfbcJ3wnQvlc=,JPAp+2UIoFc0UJgu46ddS/Hi80g=
-25,22,Zgeys9BxHSzJbX9JfbcJ3wnQvlc=,JPAp+2UIoFc0UJgu46ddS/Hi80g=
-24,22,Zgeys9BxHSzJbX9JfbcJ3wnQvlc=,JPAp+2UIoFc0UJgu46ddS/Hi80g=
-30,22,Zgeys9BxHSzJbX9JfbcJ3wnQvlc=,JPAp+2UIoFc0UJgu46ddS/Hi80g=
-21,18,Zgeys9BxHSzJbX9JfbcJ3wnQvlc=,JPAp+2UIoFc0UJgu46ddS/Hi80g=
-24,17,Zgeys9BxHSzJbX9JfbcJ3wnQvlc=,JPAp+2UIoFc0UJgu46ddS/Hi80g=
-17,21,Zgeys9BxHSzJbX9JfbcJ3wnQvlc=,JPAp+2UIoFc0UJgu46ddS/Hi80g=
-18,21,Zgeys9BxHSzJbX9JfbcJ3wnQvlc=,JPAp+2UIoFc0UJgu46ddS/Hi80g=
-19,21,Zgeys9BxHSzJbX9JfbcJ3wnQvlc=,JPAp+2UIoFc0UJgu46ddS/Hi80g=
-23,23,Zgeys9BxHSzJbX9JfbcJ3wnQvlc=,JPAp+2UIoFc0UJgu46ddS/Hi80g=
-23,22,Zgeys9BxHSzJbX9JfbcJ3wnQvlc=,JPAp+2UIoFc0UJgu46ddS/Hi80g=
-20,18,Zgeys9BxHSzJbX9JfbcJ3wnQvlc=,JPAp+2UIoFc0UJgu46ddS/Hi80g=
-31,22,Zgeys9BxHSzJbX9JfbcJ3wnQvlc=,JPAp+2UIoFc0UJgu46ddS/Hi80g=
-24,21,Zgeys9BxHSzJbX9JfbcJ3wnQvlc=,JPAp+2UIoFc0UJgu46ddS/Hi80g=
-25,21,Zgeys9BxHSzJbX9JfbcJ3wnQvlc=,JPAp+2UIoFc0UJgu46ddS/Hi80g=
-26,21,Zgeys9BxHSzJbX9JfbcJ3wnQvlc=,JPAp+2UIoFc0UJgu46ddS/Hi80g=
-27,21,Zgeys9BxHSzJbX9JfbcJ3wnQvlc=,JPAp+2UIoFc0UJgu46ddS/Hi80g=
-28,21,Zgeys9BxHSzJbX9JfbcJ3wnQvlc=,JPAp+2UIoFc0UJgu46ddS/Hi80g=
-23,18,Zgeys9BxHSzJbX9JfbcJ3wnQvlc=,JPAp+2UIoFc0UJgu46ddS/Hi80g=
-24,23,Zgeys9BxHSzJbX9JfbcJ3wnQvlc=,JPAp+2UIoFc0UJgu46ddS/Hi80g=
-24,16,Zgeys9BxHSzJbX9JfbcJ3wnQvlc=,JPAp+2UIoFc0UJgu46ddS/Hi80g=
-29,21,Zgeys9BxHSzJbX9JfbcJ3wnQvlc=,JPAp+2UIoFc0UJgu46ddS/Hi80g=
-20,21,Zgeys9BxHSzJbX9JfbcJ3wnQvlc=,JPAp+2UIoFc0UJgu46ddS/Hi80g=
-24,18,Zgeys9BxHSzJbX9JfbcJ3wnQvlc=,JPAp+2UIoFc0UJgu46ddS/Hi80g=
-17,20,Zgeys9BxHSzJbX9JfbcJ3wnQvlc=,JPAp+2UIoFc0UJgu46ddS/Hi80g=
-22,22,Zgeys9BxHSzJbX9JfbcJ3wnQvlc=,JPAp+2UIoFc0UJgu46ddS/Hi80g=
-18,20,Zgeys9BxHSzJbX9JfbcJ3wnQvlc=,JPAp+2UIoFc0UJgu46ddS/Hi80g=
-32,22,Zgeys9BxHSzJbX9JfbcJ3wnQvlc=,JPAp+2UIoFc0UJgu46ddS/Hi80g=
-21,16,Zgeys9BxHSzJbX9JfbcJ3wnQvlc=,JPAp+2UIoFc0UJgu46ddS/Hi80g=
-31,23,Zgeys9BxHSzJbX9JfbcJ3wnQvlc=,JPAp+2UIoFc0UJgu46ddS/Hi80g=
-23,20,Zgeys9BxHSzJbX9JfbcJ3wnQvlc=,JPAp+2UIoFc0UJgu46ddS/Hi80g=
-24,20,Zgeys9BxHSzJbX9JfbcJ3wnQvlc=,JPAp+2UIoFc0UJgu46ddS/Hi80g=
-25,20,Zgeys9BxHSzJbX9JfbcJ3wnQvlc=,JPAp+2UIoFc0UJgu46ddS/Hi80g=
-26,20,Zgeys9BxHSzJbX9JfbcJ3wnQvlc=,JPAp+2UIoFc0UJgu46ddS/Hi80g=
-19,20,Zgeys9BxHSzJbX9JfbcJ3wnQvlc=,JPAp+2UIoFc0UJgu46ddS/Hi80g=
-28,20,Zgeys9BxHSzJbX9JfbcJ3wnQvlc=,JPAp+2UIoFc0UJgu46ddS/Hi80g=
-21,21,Zgeys9BxHSzJbX9JfbcJ3wnQvlc=,JPAp+2UIoFc0UJgu46ddS/Hi80g=
-23,21,Zgeys9BxHSzJbX9JfbcJ3wnQvlc=,JPAp+2UIoFc0UJgu46ddS/Hi80g=
-29,20,Zgeys9BxHSzJbX9JfbcJ3wnQvlc=,JPAp+2UIoFc0UJgu46ddS/Hi80g=
-22,21,Zgeys9BxHSzJbX9JfbcJ3wnQvlc=,JPAp+2UIoFc0UJgu46ddS/Hi80g=
-27,20,Zgeys9BxHSzJbX9JfbcJ3wnQvlc=,JPAp+2UIoFc0UJgu46ddS/Hi80g=
-22,20,Zgeys9BxHSzJbX9JfbcJ3wnQvlc=,JPAp+2UIoFc0UJgu46ddS/Hi80g=
-21,20,Zgeys9BxHSzJbX9JfbcJ3wnQvlc=,JPAp+2UIoFc0UJgu46ddS/Hi80g=
-32,23,Zgeys9BxHSzJbX9JfbcJ3wnQvlc=,JPAp+2UIoFc0UJgu46ddS/Hi80g=
-31,21,Zgeys9BxHSzJbX9JfbcJ3wnQvlc=,JPAp+2UIoFc0UJgu46ddS/Hi80g=
-30,20,Zgeys9BxHSzJbX9JfbcJ3wnQvlc=,JPAp+2UIoFc0UJgu46ddS/Hi80g=
-25,18,Zgeys9BxHSzJbX9JfbcJ3wnQvlc=,JPAp+2UIoFc0UJgu46ddS/Hi80g=
-30,21,Zgeys9BxHSzJbX9JfbcJ3wnQvlc=,JPAp+2UIoFc0UJgu46ddS/Hi80g=
-31,20,Zgeys9BxHSzJbX9JfbcJ3wnQvlc=,JPAp+2UIoFc0UJgu46ddS/Hi80g=
-18,19,Zgeys9BxHSzJbX9JfbcJ3wnQvlc=,JPAp+2UIoFc0UJgu46ddS/Hi80g=
-26,16,Zgeys9BxHSzJbX9JfbcJ3wnQvlc=,JPAp+2UIoFc0UJgu46ddS/Hi80g=
-19,19,Zgeys9BxHSzJbX9JfbcJ3wnQvlc=,JPAp+2UIoFc0UJgu46ddS/Hi80g=
-25,17,Zgeys9BxHSzJbX9JfbcJ3wnQvlc=,JPAp+2UIoFc0UJgu46ddS/Hi80g=
-22,19,Zgeys9BxHSzJbX9JfbcJ3wnQvlc=,JPAp+2UIoFc0UJgu46ddS/Hi80g=
-26,17,Zgeys9BxHSzJbX9JfbcJ3wnQvlc=,JPAp+2UIoFc0UJgu46ddS/Hi80g=
-17,19,Zgeys9BxHSzJbX9JfbcJ3wnQvlc=,JPAp+2UIoFc0UJgu46ddS/Hi80g=
-32,20,Zgeys9BxHSzJbX9JfbcJ3wnQvlc=,JPAp+2UIoFc0UJgu46ddS/Hi80g=
-25,16,Zgeys9BxHSzJbX9JfbcJ3wnQvlc=,JPAp+2UIoFc0UJgu46ddS/Hi80g=
-21,19,Zgeys9BxHSzJbX9JfbcJ3wnQvlc=,JPAp+2UIoFc0UJgu46ddS/Hi80g=
-20,19,Zgeys9BxHSzJbX9JfbcJ3wnQvlc=,JPAp+2UIoFc0UJgu46ddS/Hi80g=
-20,20,Zgeys9BxHSzJbX9JfbcJ3wnQvlc=,JPAp+2UIoFc0UJgu46ddS/Hi80g=
-32,21,Zgeys9BxHSzJbX9JfbcJ3wnQvlc=,JPAp+2UIoFc0UJgu46ddS/Hi80g=
-9,19,TFCL2oHaUSt9IgYCQ6Zqs0Gjba0=,GU+ehxNrqRHieeIUKLHuVK9uIT4=
-10,19,TFCL2oHaUSt9IgYCQ6Zqs0Gjba0=,GU+ehxNrqRHieeIUKLHuVK9uIT4=
-11,19,TFCL2oHaUSt9IgYCQ6Zqs0Gjba0=,GU+ehxNrqRHieeIUKLHuVK9uIT4=
-10,18,TFCL2oHaUSt9IgYCQ6Zqs0Gjba0=,GU+ehxNrqRHieeIUKLHuVK9uIT4=
-11,18,TFCL2oHaUSt9IgYCQ6Zqs0Gjba0=,GU+ehxNrqRHieeIUKLHuVK9uIT4=
-12,19,TFCL2oHaUSt9IgYCQ6Zqs0Gjba0=,GU+ehxNrqRHieeIUKLHuVK9uIT4=
-13,19,FoumcreMM77meuA7dMtAW86rNhs=,GU+ehxNrqRHieeIUKLHuVK9uIT4=
-14,19,FoumcreMM77meuA7dMtAW86rNhs=,GU+ehxNrqRHieeIUKLHuVK9uIT4=
-2,31,TFCL2oHaUSt9IgYCQ6Zqs0Gjba0=,GU+ehxNrqRHieeIUKLHuVK9uIT4=
-3,31,TFCL2oHaUSt9IgYCQ6Zqs0Gjba0=,GU+ehxNrqRHieeIUKLHuVK9uIT4=
-4,31,TFCL2oHaUSt9IgYCQ6Zqs0Gjba0=,GU+ehxNrqRHieeIUKLHuVK9uIT4=
-5,31,TFCL2oHaUSt9IgYCQ6Zqs0Gjba0=,GU+ehxNrqRHieeIUKLHuVK9uIT4=
-6,31,TFCL2oHaUSt9IgYCQ6Zqs0Gjba0=,GU+ehxNrqRHieeIUKLHuVK9uIT4=
-7,31,TFCL2oHaUSt9IgYCQ6Zqs0Gjba0=,GU+ehxNrqRHieeIUKLHuVK9uIT4=
-8,31,TFCL2oHaUSt9IgYCQ6Zqs0Gjba0=,GU+ehxNrqRHieeIUKLHuVK9uIT4=
-10,31,TFCL2oHaUSt9IgYCQ6Zqs0Gjba0=,GU+ehxNrqRHieeIUKLHuVK9uIT4=
-11,31,TFCL2oHaUSt9IgYCQ6Zqs0Gjba0=,GU+ehxNrqRHieeIUKLHuVK9uIT4=
-12,31,TFCL2oHaUSt9IgYCQ6Zqs0Gjba0=,GU+ehxNrqRHieeIUKLHuVK9uIT4=
-13,31,TFCL2oHaUSt9IgYCQ6Zqs0Gjba0=,GU+ehxNrqRHieeIUKLHuVK9uIT4=
-14,31,TFCL2oHaUSt9IgYCQ6Zqs0Gjba0=,GU+ehxNrqRHieeIUKLHuVK9uIT4=
-15,31,TFCL2oHaUSt9IgYCQ6Zqs0Gjba0=,GU+ehxNrqRHieeIUKLHuVK9uIT4=
-15,19,FoumcreMM77meuA7dMtAW86rNhs=,GU+ehxNrqRHieeIUKLHuVK9uIT4=
-16,31,FoumcreMM77meuA7dMtAW86rNhs=,GU+ehxNrqRHieeIUKLHuVK9uIT4=
-2,30,TFCL2oHaUSt9IgYCQ6Zqs0Gjba0=,GU+ehxNrqRHieeIUKLHuVK9uIT4=
-9,31,TFCL2oHaUSt9IgYCQ6Zqs0Gjba0=,GU+ehxNrqRHieeIUKLHuVK9uIT4=
-3,30,TFCL2oHaUSt9IgYCQ6Zqs0Gjba0=,GU+ehxNrqRHieeIUKLHuVK9uIT4=
-4,30,TFCL2oHaUSt9IgYCQ6Zqs0Gjba0=,GU+ehxNrqRHieeIUKLHuVK9uIT4=
-6,30,TFCL2oHaUSt9IgYCQ6Zqs0Gjba0=,GU+ehxNrqRHieeIUKLHuVK9uIT4=
-7,30,TFCL2oHaUSt9IgYCQ6Zqs0Gjba0=,GU+ehxNrqRHieeIUKLHuVK9uIT4=
-5,30,TFCL2oHaUSt9IgYCQ6Zqs0Gjba0=,GU+ehxNrqRHieeIUKLHuVK9uIT4=
-8,30,TFCL2oHaUSt9IgYCQ6Zqs0Gjba0=,GU+ehxNrqRHieeIUKLHuVK9uIT4=
-9,30,TFCL2oHaUSt9IgYCQ6Zqs0Gjba0=,GU+ehxNrqRHieeIUKLHuVK9uIT4=
-10,30,TFCL2oHaUSt9IgYCQ6Zqs0Gjba0=,GU+ehxNrqRHieeIUKLHuVK9uIT4=
-11,30,TFCL2oHaUSt9IgYCQ6Zqs0Gjba0=,GU+ehxNrqRHieeIUKLHuVK9uIT4=
-12,30,TFCL2oHaUSt9IgYCQ6Zqs0Gjba0=,GU+ehxNrqRHieeIUKLHuVK9uIT4=
-13,30,TFCL2oHaUSt9IgYCQ6Zqs0Gjba0=,GU+ehxNrqRHieeIUKLHuVK9uIT4=
-14,30,TFCL2oHaUSt9IgYCQ6Zqs0Gjba0=,GU+ehxNrqRHieeIUKLHuVK9uIT4=
-15,30,TFCL2oHaUSt9IgYCQ6Zqs0Gjba0=,GU+ehxNrqRHieeIUKLHuVK9uIT4=
-2,29,TFCL2oHaUSt9IgYCQ6Zqs0Gjba0=,GU+ehxNrqRHieeIUKLHuVK9uIT4=
-16,30,FoumcreMM77meuA7dMtAW86rNhs=,GU+ehxNrqRHieeIUKLHuVK9uIT4=
-4,29,TFCL2oHaUSt9IgYCQ6Zqs0Gjba0=,GU+ehxNrqRHieeIUKLHuVK9uIT4=
-3,29,TFCL2oHaUSt9IgYCQ6Zqs0Gjba0=,GU+ehxNrqRHieeIUKLHuVK9uIT4=
-6,29,TFCL2oHaUSt9IgYCQ6Zqs0Gjba0=,GU+ehxNrqRHieeIUKLHuVK9uIT4=
-5,29,TFCL2oHaUSt9IgYCQ6Zqs0Gjba0=,GU+ehxNrqRHieeIUKLHuVK9uIT4=
-7,29,TFCL2oHaUSt9IgYCQ6Zqs0Gjba0=,GU+ehxNrqRHieeIUKLHuVK9uIT4=
-8,29,TFCL2oHaUSt9IgYCQ6Zqs0Gjba0=,GU+ehxNrqRHieeIUKLHuVK9uIT4=
-9,29,TFCL2oHaUSt9IgYCQ6Zqs0Gjba0=,GU+ehxNrqRHieeIUKLHuVK9uIT4=
-10,29,TFCL2oHaUSt9IgYCQ6Zqs0Gjba0=,GU+ehxNrqRHieeIUKLHuVK9uIT4=
-11,29,TFCL2oHaUSt9IgYCQ6Zqs0Gjba0=,GU+ehxNrqRHieeIUKLHuVK9uIT4=
-12,29,TFCL2oHaUSt9IgYCQ6Zqs0Gjba0=,GU+ehxNrqRHieeIUKLHuVK9uIT4=
-13,29,TFCL2oHaUSt9IgYCQ6Zqs0Gjba0=,GU+ehxNrqRHieeIUKLHuVK9uIT4=
-14,29,TFCL2oHaUSt9IgYCQ6Zqs0Gjba0=,GU+ehxNrqRHieeIUKLHuVK9uIT4=
-15,29,TFCL2oHaUSt9IgYCQ6Zqs0Gjba0=,GU+ehxNrqRHieeIUKLHuVK9uIT4=
-16,29,FoumcreMM77meuA7dMtAW86rNhs=,GU+ehxNrqRHieeIUKLHuVK9uIT4=
-2,28,FoumcreMM77meuA7dMtAW86rNhs=,GU+ehxNrqRHieeIUKLHuVK9uIT4=
-3,28,FoumcreMM77meuA7dMtAW86rNhs=,GU+ehxNrqRHieeIUKLHuVK9uIT4=
-4,28,FoumcreMM77meuA7dMtAW86rNhs=,GU+ehxNrqRHieeIUKLHuVK9uIT4=
-5,28,FoumcreMM77meuA7dMtAW86rNhs=,GU+ehxNrqRHieeIUKLHuVK9uIT4=
-6,28,FoumcreMM77meuA7dMtAW86rNhs=,GU+ehxNrqRHieeIUKLHuVK9uIT4=
-7,28,FoumcreMM77meuA7dMtAW86rNhs=,GU+ehxNrqRHieeIUKLHuVK9uIT4=
-8,28,FoumcreMM77meuA7dMtAW86rNhs=,GU+ehxNrqRHieeIUKLHuVK9uIT4=
-9,28,FoumcreMM77meuA7dMtAW86rNhs=,GU+ehxNrqRHieeIUKLHuVK9uIT4=
-10,28,FoumcreMM77meuA7dMtAW86rNhs=,GU+ehxNrqRHieeIUKLHuVK9uIT4=
-11,28,FoumcreMM77meuA7dMtAW86rNhs=,GU+ehxNrqRHieeIUKLHuVK9uIT4=
-12,28,FoumcreMM77meuA7dMtAW86rNhs=,GU+ehxNrqRHieeIUKLHuVK9uIT4=
-13,28,FoumcreMM77meuA7dMtAW86rNhs=,GU+ehxNrqRHieeIUKLHuVK9uIT4=
-14,28,FoumcreMM77meuA7dMtAW86rNhs=,GU+ehxNrqRHieeIUKLHuVK9uIT4=
-15,28,FoumcreMM77meuA7dMtAW86rNhs=,GU+ehxNrqRHieeIUKLHuVK9uIT4=
-16,28,FoumcreMM77meuA7dMtAW86rNhs=,GU+ehxNrqRHieeIUKLHuVK9uIT4=
-15,17,FoumcreMM77meuA7dMtAW86rNhs=,GU+ehxNrqRHieeIUKLHuVK9uIT4=
-16,19,FoumcreMM77meuA7dMtAW86rNhs=,GU+ehxNrqRHieeIUKLHuVK9uIT4=
-3,27,FoumcreMM77meuA7dMtAW86rNhs=,GU+ehxNrqRHieeIUKLHuVK9uIT4=
-5,27,FoumcreMM77meuA7dMtAW86rNhs=,GU+ehxNrqRHieeIUKLHuVK9uIT4=
-4,27,FoumcreMM77meuA7dMtAW86rNhs=,GU+ehxNrqRHieeIUKLHuVK9uIT4=
-6,27,FoumcreMM77meuA7dMtAW86rNhs=,GU+ehxNrqRHieeIUKLHuVK9uIT4=
-7,27,FoumcreMM77meuA7dMtAW86rNhs=,GU+ehxNrqRHieeIUKLHuVK9uIT4=
-9,27,FoumcreMM77meuA7dMtAW86rNhs=,GU+ehxNrqRHieeIUKLHuVK9uIT4=
-8,27,FoumcreMM77meuA7dMtAW86rNhs=,GU+ehxNrqRHieeIUKLHuVK9uIT4=
-10,27,FoumcreMM77meuA7dMtAW86rNhs=,GU+ehxNrqRHieeIUKLHuVK9uIT4=
-11,27,FoumcreMM77meuA7dMtAW86rNhs=,GU+ehxNrqRHieeIUKLHuVK9uIT4=
-12,27,FoumcreMM77meuA7dMtAW86rNhs=,GU+ehxNrqRHieeIUKLHuVK9uIT4=
-13,27,FoumcreMM77meuA7dMtAW86rNhs=,GU+ehxNrqRHieeIUKLHuVK9uIT4=
-2,18,FoumcreMM77meuA7dMtAW86rNhs=,GU+ehxNrqRHieeIUKLHuVK9uIT4=
-15,27,FoumcreMM77meuA7dMtAW86rNhs=,GU+ehxNrqRHieeIUKLHuVK9uIT4=
-16,27,FoumcreMM77meuA7dMtAW86rNhs=,GU+ehxNrqRHieeIUKLHuVK9uIT4=
-3,17,FoumcreMM77meuA7dMtAW86rNhs=,GU+ehxNrqRHieeIUKLHuVK9uIT4=
-4,26,FoumcreMM77meuA7dMtAW86rNhs=,GU+ehxNrqRHieeIUKLHuVK9uIT4=
-14,27,FoumcreMM77meuA7dMtAW86rNhs=,GU+ehxNrqRHieeIUKLHuVK9uIT4=
-3,26,FoumcreMM77meuA7dMtAW86rNhs=,GU+ehxNrqRHieeIUKLHuVK9uIT4=
-6,26,FoumcreMM77meuA7dMtAW86rNhs=,GU+ehxNrqRHieeIUKLHuVK9uIT4=
-8,26,FoumcreMM77meuA7dMtAW86rNhs=,GU+ehxNrqRHieeIUKLHuVK9uIT4=
-7,26,FoumcreMM77meuA7dMtAW86rNhs=,GU+ehxNrqRHieeIUKLHuVK9uIT4=
-9,26,FoumcreMM77meuA7dMtAW86rNhs=,GU+ehxNrqRHieeIUKLHuVK9uIT4=
-5,26,FoumcreMM77meuA7dMtAW86rNhs=,GU+ehxNrqRHieeIUKLHuVK9uIT4=
-10,26,FoumcreMM77meuA7dMtAW86rNhs=,GU+ehxNrqRHieeIUKLHuVK9uIT4=
-12,26,FoumcreMM77meuA7dMtAW86rNhs=,GU+ehxNrqRHieeIUKLHuVK9uIT4=
-11,26,FoumcreMM77meuA7dMtAW86rNhs=,GU+ehxNrqRHieeIUKLHuVK9uIT4=
-14,26,FoumcreMM77meuA7dMtAW86rNhs=,GU+ehxNrqRHieeIUKLHuVK9uIT4=
-13,26,FoumcreMM77meuA7dMtAW86rNhs=,GU+ehxNrqRHieeIUKLHuVK9uIT4=
-15,26,FoumcreMM77meuA7dMtAW86rNhs=,GU+ehxNrqRHieeIUKLHuVK9uIT4=
-16,26,FoumcreMM77meuA7dMtAW86rNhs=,GU+ehxNrqRHieeIUKLHuVK9uIT4=
-3,18,FoumcreMM77meuA7dMtAW86rNhs=,GU+ehxNrqRHieeIUKLHuVK9uIT4=
-4,17,FoumcreMM77meuA7dMtAW86rNhs=,GU+ehxNrqRHieeIUKLHuVK9uIT4=
-3,25,FoumcreMM77meuA7dMtAW86rNhs=,GU+ehxNrqRHieeIUKLHuVK9uIT4=
-4,25,FoumcreMM77meuA7dMtAW86rNhs=,GU+ehxNrqRHieeIUKLHuVK9uIT4=
-7,25,FoumcreMM77meuA7dMtAW86rNhs=,GU+ehxNrqRHieeIUKLHuVK9uIT4=
-5,25,FoumcreMM77meuA7dMtAW86rNhs=,GU+ehxNrqRHieeIUKLHuVK9uIT4=
-6,25,FoumcreMM77meuA7dMtAW86rNhs=,GU+ehxNrqRHieeIUKLHuVK9uIT4=
-8,25,FoumcreMM77meuA7dMtAW86rNhs=,GU+ehxNrqRHieeIUKLHuVK9uIT4=
-10,25,FoumcreMM77meuA7dMtAW86rNhs=,GU+ehxNrqRHieeIUKLHuVK9uIT4=
-11,25,FoumcreMM77meuA7dMtAW86rNhs=,GU+ehxNrqRHieeIUKLHuVK9uIT4=
-9,25,FoumcreMM77meuA7dMtAW86rNhs=,GU+ehxNrqRHieeIUKLHuVK9uIT4=
-12,25,FoumcreMM77meuA7dMtAW86rNhs=,GU+ehxNrqRHieeIUKLHuVK9uIT4=
-15,25,FoumcreMM77meuA7dMtAW86rNhs=,GU+ehxNrqRHieeIUKLHuVK9uIT4=
-13,25,FoumcreMM77meuA7dMtAW86rNhs=,GU+ehxNrqRHieeIUKLHuVK9uIT4=
-14,25,FoumcreMM77meuA7dMtAW86rNhs=,GU+ehxNrqRHieeIUKLHuVK9uIT4=
-16,25,FoumcreMM77meuA7dMtAW86rNhs=,GU+ehxNrqRHieeIUKLHuVK9uIT4=
-4,18,FoumcreMM77meuA7dMtAW86rNhs=,GU+ehxNrqRHieeIUKLHuVK9uIT4=
-5,17,FoumcreMM77meuA7dMtAW86rNhs=,GU+ehxNrqRHieeIUKLHuVK9uIT4=
-2,24,FoumcreMM77meuA7dMtAW86rNhs=,GU+ehxNrqRHieeIUKLHuVK9uIT4=
-3,24,FoumcreMM77meuA7dMtAW86rNhs=,GU+ehxNrqRHieeIUKLHuVK9uIT4=
-4,24,FoumcreMM77meuA7dMtAW86rNhs=,GU+ehxNrqRHieeIUKLHuVK9uIT4=
-5,24,FoumcreMM77meuA7dMtAW86rNhs=,GU+ehxNrqRHieeIUKLHuVK9uIT4=
-7,24,FoumcreMM77meuA7dMtAW86rNhs=,GU+ehxNrqRHieeIUKLHuVK9uIT4=
-6,24,FoumcreMM77meuA7dMtAW86rNhs=,GU+ehxNrqRHieeIUKLHuVK9uIT4=
-9,24,FoumcreMM77meuA7dMtAW86rNhs=,GU+ehxNrqRHieeIUKLHuVK9uIT4=
-8,24,FoumcreMM77meuA7dMtAW86rNhs=,GU+ehxNrqRHieeIUKLHuVK9uIT4=
-10,24,FoumcreMM77meuA7dMtAW86rNhs=,GU+ehxNrqRHieeIUKLHuVK9uIT4=
-12,24,FoumcreMM77meuA7dMtAW86rNhs=,GU+ehxNrqRHieeIUKLHuVK9uIT4=
-11,24,FoumcreMM77meuA7dMtAW86rNhs=,GU+ehxNrqRHieeIUKLHuVK9uIT4=
-13,24,FoumcreMM77meuA7dMtAW86rNhs=,GU+ehxNrqRHieeIUKLHuVK9uIT4=
-14,24,FoumcreMM77meuA7dMtAW86rNhs=,GU+ehxNrqRHieeIUKLHuVK9uIT4=
-15,24,FoumcreMM77meuA7dMtAW86rNhs=,GU+ehxNrqRHieeIUKLHuVK9uIT4=
-5,18,FoumcreMM77meuA7dMtAW86rNhs=,GU+ehxNrqRHieeIUKLHuVK9uIT4=
-16,24,FoumcreMM77meuA7dMtAW86rNhs=,GU+ehxNrqRHieeIUKLHuVK9uIT4=
-6,17,FoumcreMM77meuA7dMtAW86rNhs=,GU+ehxNrqRHieeIUKLHuVK9uIT4=
-4,23,FoumcreMM77meuA7dMtAW86rNhs=,GU+ehxNrqRHieeIUKLHuVK9uIT4=
-3,23,FoumcreMM77meuA7dMtAW86rNhs=,GU+ehxNrqRHieeIUKLHuVK9uIT4=
-5,23,FoumcreMM77meuA7dMtAW86rNhs=,GU+ehxNrqRHieeIUKLHuVK9uIT4=
-6,23,FoumcreMM77meuA7dMtAW86rNhs=,GU+ehxNrqRHieeIUKLHuVK9uIT4=
-7,23,FoumcreMM77meuA7dMtAW86rNhs=,GU+ehxNrqRHieeIUKLHuVK9uIT4=
-8,23,FoumcreMM77meuA7dMtAW86rNhs=,GU+ehxNrqRHieeIUKLHuVK9uIT4=
-10,23,FoumcreMM77meuA7dMtAW86rNhs=,GU+ehxNrqRHieeIUKLHuVK9uIT4=
-9,23,FoumcreMM77meuA7dMtAW86rNhs=,GU+ehxNrqRHieeIUKLHuVK9uIT4=
-11,23,FoumcreMM77meuA7dMtAW86rNhs=,GU+ehxNrqRHieeIUKLHuVK9uIT4=
-13,23,FoumcreMM77meuA7dMtAW86rNhs=,GU+ehxNrqRHieeIUKLHuVK9uIT4=
-12,23,FoumcreMM77meuA7dMtAW86rNhs=,GU+ehxNrqRHieeIUKLHuVK9uIT4=
-14,23,FoumcreMM77meuA7dMtAW86rNhs=,GU+ehxNrqRHieeIUKLHuVK9uIT4=
-15,23,FoumcreMM77meuA7dMtAW86rNhs=,GU+ehxNrqRHieeIUKLHuVK9uIT4=
-6,18,FoumcreMM77meuA7dMtAW86rNhs=,GU+ehxNrqRHieeIUKLHuVK9uIT4=
-16,23,FoumcreMM77meuA7dMtAW86rNhs=,GU+ehxNrqRHieeIUKLHuVK9uIT4=
-7,17,FoumcreMM77meuA7dMtAW86rNhs=,GU+ehxNrqRHieeIUKLHuVK9uIT4=
-3,22,FoumcreMM77meuA7dMtAW86rNhs=,GU+ehxNrqRHieeIUKLHuVK9uIT4=
-4,22,FoumcreMM77meuA7dMtAW86rNhs=,GU+ehxNrqRHieeIUKLHuVK9uIT4=
-5,22,FoumcreMM77meuA7dMtAW86rNhs=,GU+ehxNrqRHieeIUKLHuVK9uIT4=
-6,22,FoumcreMM77meuA7dMtAW86rNhs=,GU+ehxNrqRHieeIUKLHuVK9uIT4=
-7,22,FoumcreMM77meuA7dMtAW86rNhs=,GU+ehxNrqRHieeIUKLHuVK9uIT4=
-8,22,FoumcreMM77meuA7dMtAW86rNhs=,GU+ehxNrqRHieeIUKLHuVK9uIT4=
-9,22,FoumcreMM77meuA7dMtAW86rNhs=,GU+ehxNrqRHieeIUKLHuVK9uIT4=
-10,22,FoumcreMM77meuA7dMtAW86rNhs=,GU+ehxNrqRHieeIUKLHuVK9uIT4=
-12,22,FoumcreMM77meuA7dMtAW86rNhs=,GU+ehxNrqRHieeIUKLHuVK9uIT4=
-11,22,FoumcreMM77meuA7dMtAW86rNhs=,GU+ehxNrqRHieeIUKLHuVK9uIT4=
-13,22,FoumcreMM77meuA7dMtAW86rNhs=,GU+ehxNrqRHieeIUKLHuVK9uIT4=
-14,22,FoumcreMM77meuA7dMtAW86rNhs=,GU+ehxNrqRHieeIUKLHuVK9uIT4=
-15,22,FoumcreMM77meuA7dMtAW86rNhs=,GU+ehxNrqRHieeIUKLHuVK9uIT4=
-7,18,FoumcreMM77meuA7dMtAW86rNhs=,GU+ehxNrqRHieeIUKLHuVK9uIT4=
-16,22,FoumcreMM77meuA7dMtAW86rNhs=,GU+ehxNrqRHieeIUKLHuVK9uIT4=
-8,17,FoumcreMM77meuA7dMtAW86rNhs=,GU+ehxNrqRHieeIUKLHuVK9uIT4=
-2,21,FoumcreMM77meuA7dMtAW86rNhs=,GU+ehxNrqRHieeIUKLHuVK9uIT4=
-3,21,FoumcreMM77meuA7dMtAW86rNhs=,GU+ehxNrqRHieeIUKLHuVK9uIT4=
-5,21,FoumcreMM77meuA7dMtAW86rNhs=,GU+ehxNrqRHieeIUKLHuVK9uIT4=
-4,21,FoumcreMM77meuA7dMtAW86rNhs=,GU+ehxNrqRHieeIUKLHuVK9uIT4=
-6,21,FoumcreMM77meuA7dMtAW86rNhs=,GU+ehxNrqRHieeIUKLHuVK9uIT4=
-7,21,FoumcreMM77meuA7dMtAW86rNhs=,GU+ehxNrqRHieeIUKLHuVK9uIT4=
-8,21,FoumcreMM77meuA7dMtAW86rNhs=,GU+ehxNrqRHieeIUKLHuVK9uIT4=
-9,21,FoumcreMM77meuA7dMtAW86rNhs=,GU+ehxNrqRHieeIUKLHuVK9uIT4=
-10,21,FoumcreMM77meuA7dMtAW86rNhs=,GU+ehxNrqRHieeIUKLHuVK9uIT4=
-11,21,FoumcreMM77meuA7dMtAW86rNhs=,GU+ehxNrqRHieeIUKLHuVK9uIT4=
-12,21,FoumcreMM77meuA7dMtAW86rNhs=,GU+ehxNrqRHieeIUKLHuVK9uIT4=
-13,21,FoumcreMM77meuA7dMtAW86rNhs=,GU+ehxNrqRHieeIUKLHuVK9uIT4=
-14,21,FoumcreMM77meuA7dMtAW86rNhs=,GU+ehxNrqRHieeIUKLHuVK9uIT4=
-15,21,FoumcreMM77meuA7dMtAW86rNhs=,GU+ehxNrqRHieeIUKLHuVK9uIT4=
-8,18,FoumcreMM77meuA7dMtAW86rNhs=,GU+ehxNrqRHieeIUKLHuVK9uIT4=
-16,21,FoumcreMM77meuA7dMtAW86rNhs=,GU+ehxNrqRHieeIUKLHuVK9uIT4=
-9,17,FoumcreMM77meuA7dMtAW86rNhs=,GU+ehxNrqRHieeIUKLHuVK9uIT4=
-2,20,FoumcreMM77meuA7dMtAW86rNhs=,GU+ehxNrqRHieeIUKLHuVK9uIT4=
-3,20,FoumcreMM77meuA7dMtAW86rNhs=,GU+ehxNrqRHieeIUKLHuVK9uIT4=
-4,20,FoumcreMM77meuA7dMtAW86rNhs=,GU+ehxNrqRHieeIUKLHuVK9uIT4=
-5,20,FoumcreMM77meuA7dMtAW86rNhs=,GU+ehxNrqRHieeIUKLHuVK9uIT4=
-6,20,FoumcreMM77meuA7dMtAW86rNhs=,GU+ehxNrqRHieeIUKLHuVK9uIT4=
-7,20,FoumcreMM77meuA7dMtAW86rNhs=,GU+ehxNrqRHieeIUKLHuVK9uIT4=
-9,20,FoumcreMM77meuA7dMtAW86rNhs=,GU+ehxNrqRHieeIUKLHuVK9uIT4=
-8,20,FoumcreMM77meuA7dMtAW86rNhs=,GU+ehxNrqRHieeIUKLHuVK9uIT4=
-10,20,FoumcreMM77meuA7dMtAW86rNhs=,GU+ehxNrqRHieeIUKLHuVK9uIT4=
-12,20,FoumcreMM77meuA7dMtAW86rNhs=,GU+ehxNrqRHieeIUKLHuVK9uIT4=
-13,20,FoumcreMM77meuA7dMtAW86rNhs=,GU+ehxNrqRHieeIUKLHuVK9uIT4=
-11,20,FoumcreMM77meuA7dMtAW86rNhs=,GU+ehxNrqRHieeIUKLHuVK9uIT4=
-14,20,FoumcreMM77meuA7dMtAW86rNhs=,GU+ehxNrqRHieeIUKLHuVK9uIT4=
-15,20,FoumcreMM77meuA7dMtAW86rNhs=,GU+ehxNrqRHieeIUKLHuVK9uIT4=
-16,20,FoumcreMM77meuA7dMtAW86rNhs=,GU+ehxNrqRHieeIUKLHuVK9uIT4=
-9,18,FoumcreMM77meuA7dMtAW86rNhs=,GU+ehxNrqRHieeIUKLHuVK9uIT4=
-10,17,FoumcreMM77meuA7dMtAW86rNhs=,GU+ehxNrqRHieeIUKLHuVK9uIT4=
-2,19,FoumcreMM77meuA7dMtAW86rNhs=,GU+ehxNrqRHieeIUKLHuVK9uIT4=
-3,19,FoumcreMM77meuA7dMtAW86rNhs=,GU+ehxNrqRHieeIUKLHuVK9uIT4=
-4,19,FoumcreMM77meuA7dMtAW86rNhs=,GU+ehxNrqRHieeIUKLHuVK9uIT4=
-5,19,TFCL2oHaUSt9IgYCQ6Zqs0Gjba0=,GU+ehxNrqRHieeIUKLHuVK9uIT4=
-6,19,TFCL2oHaUSt9IgYCQ6Zqs0Gjba0=,GU+ehxNrqRHieeIUKLHuVK9uIT4=
-7,19,TFCL2oHaUSt9IgYCQ6Zqs0Gjba0=,GU+ehxNrqRHieeIUKLHuVK9uIT4=
-8,19,TFCL2oHaUSt9IgYCQ6Zqs0Gjba0=,GU+ehxNrqRHieeIUKLHuVK9uIT4=
-7,16,FoumcreMM77meuA7dMtAW86rNhs=,GU+ehxNrqRHieeIUKLHuVK9uIT4=
-6,16,FoumcreMM77meuA7dMtAW86rNhs=,GU+ehxNrqRHieeIUKLHuVK9uIT4=
-5,16,FoumcreMM77meuA7dMtAW86rNhs=,GU+ehxNrqRHieeIUKLHuVK9uIT4=
-4,16,FoumcreMM77meuA7dMtAW86rNhs=,GU+ehxNrqRHieeIUKLHuVK9uIT4=
-3,16,FoumcreMM77meuA7dMtAW86rNhs=,GU+ehxNrqRHieeIUKLHuVK9uIT4=
-2,16,FoumcreMM77meuA7dMtAW86rNhs=,GU+ehxNrqRHieeIUKLHuVK9uIT4=
-15,16,FoumcreMM77meuA7dMtAW86rNhs=,GU+ehxNrqRHieeIUKLHuVK9uIT4=
-12,18,FoumcreMM77meuA7dMtAW86rNhs=,GU+ehxNrqRHieeIUKLHuVK9uIT4=
-11,17,FoumcreMM77meuA7dMtAW86rNhs=,GU+ehxNrqRHieeIUKLHuVK9uIT4=
-1,16,FoumcreMM77meuA7dMtAW86rNhs=,GU+ehxNrqRHieeIUKLHuVK9uIT4=
-1,28,FoumcreMM77meuA7dMtAW86rNhs=,GU+ehxNrqRHieeIUKLHuVK9uIT4=
-1,29,FoumcreMM77meuA7dMtAW86rNhs=,GU+ehxNrqRHieeIUKLHuVK9uIT4=
-1,30,FoumcreMM77meuA7dMtAW86rNhs=,GU+ehxNrqRHieeIUKLHuVK9uIT4=
-1,31,FoumcreMM77meuA7dMtAW86rNhs=,GU+ehxNrqRHieeIUKLHuVK9uIT4=
-13,16,FoumcreMM77meuA7dMtAW86rNhs=,GU+ehxNrqRHieeIUKLHuVK9uIT4=
-12,16,FoumcreMM77meuA7dMtAW86rNhs=,GU+ehxNrqRHieeIUKLHuVK9uIT4=
-2,17,FoumcreMM77meuA7dMtAW86rNhs=,GU+ehxNrqRHieeIUKLHuVK9uIT4=
-2,27,FoumcreMM77meuA7dMtAW86rNhs=,GU+ehxNrqRHieeIUKLHuVK9uIT4=
-13,17,FoumcreMM77meuA7dMtAW86rNhs=,GU+ehxNrqRHieeIUKLHuVK9uIT4=
-2,25,FoumcreMM77meuA7dMtAW86rNhs=,GU+ehxNrqRHieeIUKLHuVK9uIT4=
-10,16,FoumcreMM77meuA7dMtAW86rNhs=,GU+ehxNrqRHieeIUKLHuVK9uIT4=
-1,18,FoumcreMM77meuA7dMtAW86rNhs=,GU+ehxNrqRHieeIUKLHuVK9uIT4=
-2,22,FoumcreMM77meuA7dMtAW86rNhs=,GU+ehxNrqRHieeIUKLHuVK9uIT4=
-2,23,FoumcreMM77meuA7dMtAW86rNhs=,GU+ehxNrqRHieeIUKLHuVK9uIT4=
-14,17,FoumcreMM77meuA7dMtAW86rNhs=,GU+ehxNrqRHieeIUKLHuVK9uIT4=
-1,17,FoumcreMM77meuA7dMtAW86rNhs=,GU+ehxNrqRHieeIUKLHuVK9uIT4=
-2,26,FoumcreMM77meuA7dMtAW86rNhs=,GU+ehxNrqRHieeIUKLHuVK9uIT4=
-1,27,FoumcreMM77meuA7dMtAW86rNhs=,GU+ehxNrqRHieeIUKLHuVK9uIT4=
-15,18,FoumcreMM77meuA7dMtAW86rNhs=,GU+ehxNrqRHieeIUKLHuVK9uIT4=
-1,23,FoumcreMM77meuA7dMtAW86rNhs=,GU+ehxNrqRHieeIUKLHuVK9uIT4=
-9,16,FoumcreMM77meuA7dMtAW86rNhs=,GU+ehxNrqRHieeIUKLHuVK9uIT4=
-1,25,FoumcreMM77meuA7dMtAW86rNhs=,GU+ehxNrqRHieeIUKLHuVK9uIT4=
-1,24,FoumcreMM77meuA7dMtAW86rNhs=,GU+ehxNrqRHieeIUKLHuVK9uIT4=
-8,16,FoumcreMM77meuA7dMtAW86rNhs=,GU+ehxNrqRHieeIUKLHuVK9uIT4=
-1,20,FoumcreMM77meuA7dMtAW86rNhs=,GU+ehxNrqRHieeIUKLHuVK9uIT4=
-1,19,FoumcreMM77meuA7dMtAW86rNhs=,GU+ehxNrqRHieeIUKLHuVK9uIT4=
-14,18,FoumcreMM77meuA7dMtAW86rNhs=,GU+ehxNrqRHieeIUKLHuVK9uIT4=
-16,16,FoumcreMM77meuA7dMtAW86rNhs=,GU+ehxNrqRHieeIUKLHuVK9uIT4=
-13,18,FoumcreMM77meuA7dMtAW86rNhs=,GU+ehxNrqRHieeIUKLHuVK9uIT4=
-1,21,FoumcreMM77meuA7dMtAW86rNhs=,GU+ehxNrqRHieeIUKLHuVK9uIT4=
-11,16,FoumcreMM77meuA7dMtAW86rNhs=,GU+ehxNrqRHieeIUKLHuVK9uIT4=
-12,17,FoumcreMM77meuA7dMtAW86rNhs=,GU+ehxNrqRHieeIUKLHuVK9uIT4=
-1,22,FoumcreMM77meuA7dMtAW86rNhs=,GU+ehxNrqRHieeIUKLHuVK9uIT4=
-1,26,FoumcreMM77meuA7dMtAW86rNhs=,GU+ehxNrqRHieeIUKLHuVK9uIT4=
-16,18,FoumcreMM77meuA7dMtAW86rNhs=,GU+ehxNrqRHieeIUKLHuVK9uIT4=
-14,16,FoumcreMM77meuA7dMtAW86rNhs=,GU+ehxNrqRHieeIUKLHuVK9uIT4=
-16,17,FoumcreMM77meuA7dMtAW86rNhs=,GU+ehxNrqRHieeIUKLHuVK9uIT4=
-11,0,cD04EIp1QahTwNc1FSmXhzWqOBI=,EYaC0EirwXnQjlRgnmK4ElARExk=
-13,0,cD04EIp1QahTwNc1FSmXhzWqOBI=,EYaC0EirwXnQjlRgnmK4ElARExk=
-11,2,cD04EIp1QahTwNc1FSmXhzWqOBI=,EYaC0EirwXnQjlRgnmK4ElARExk=
-12,3,cD04EIp1QahTwNc1FSmXhzWqOBI=,EYaC0EirwXnQjlRgnmK4ElARExk=
-11,1,cD04EIp1QahTwNc1FSmXhzWqOBI=,EYaC0EirwXnQjlRgnmK4ElARExk=
-9,3,cD04EIp1QahTwNc1FSmXhzWqOBI=,EYaC0EirwXnQjlRgnmK4ElARExk=
-12,1,cD04EIp1QahTwNc1FSmXhzWqOBI=,EYaC0EirwXnQjlRgnmK4ElARExk=
-14,3,cD04EIp1QahTwNc1FSmXhzWqOBI=,EYaC0EirwXnQjlRgnmK4ElARExk=
-15,0,cD04EIp1QahTwNc1FSmXhzWqOBI=,EYaC0EirwXnQjlRgnmK4ElARExk=
-12,2,cD04EIp1QahTwNc1FSmXhzWqOBI=,EYaC0EirwXnQjlRgnmK4ElARExk=
-13,3,cD04EIp1QahTwNc1FSmXhzWqOBI=,EYaC0EirwXnQjlRgnmK4ElARExk=
-1,15,cD04EIp1QahTwNc1FSmXhzWqOBI=,EYaC0EirwXnQjlRgnmK4ElARExk=
-2,15,cD04EIp1QahTwNc1FSmXhzWqOBI=,EYaC0EirwXnQjlRgnmK4ElARExk=
-3,15,cD04EIp1QahTwNc1FSmXhzWqOBI=,EYaC0EirwXnQjlRgnmK4ElARExk=
-4,15,cD04EIp1QahTwNc1FSmXhzWqOBI=,EYaC0EirwXnQjlRgnmK4ElARExk=
-5,15,cD04EIp1QahTwNc1FSmXhzWqOBI=,EYaC0EirwXnQjlRgnmK4ElARExk=
-10,2,cD04EIp1QahTwNc1FSmXhzWqOBI=,EYaC0EirwXnQjlRgnmK4ElARExk=
-11,3,cD04EIp1QahTwNc1FSmXhzWqOBI=,EYaC0EirwXnQjlRgnmK4ElARExk=
-6,15,cD04EIp1QahTwNc1FSmXhzWqOBI=,EYaC0EirwXnQjlRgnmK4ElARExk=
-10,3,cD04EIp1QahTwNc1FSmXhzWqOBI=,EYaC0EirwXnQjlRgnmK4ElARExk=
-8,3,cD04EIp1QahTwNc1FSmXhzWqOBI=,EYaC0EirwXnQjlRgnmK4ElARExk=
-14,15,kqCPwfZuW6kMZz9AXISSKkecPPU=,EYaC0EirwXnQjlRgnmK4ElARExk=
-7,3,cD04EIp1QahTwNc1FSmXhzWqOBI=,EYaC0EirwXnQjlRgnmK4ElARExk=
-13,15,kqCPwfZuW6kMZz9AXISSKkecPPU=,EYaC0EirwXnQjlRgnmK4ElARExk=
-15,15,kqCPwfZuW6kMZz9AXISSKkecPPU=,EYaC0EirwXnQjlRgnmK4ElARExk=
-12,0,cD04EIp1QahTwNc1FSmXhzWqOBI=,EYaC0EirwXnQjlRgnmK4ElARExk=
-15,3,cD04EIp1QahTwNc1FSmXhzWqOBI=,EYaC0EirwXnQjlRgnmK4ElARExk=
-11,15,kqCPwfZuW6kMZz9AXISSKkecPPU=,EYaC0EirwXnQjlRgnmK4ElARExk=
-13,2,cD04EIp1QahTwNc1FSmXhzWqOBI=,EYaC0EirwXnQjlRgnmK4ElARExk=
-12,15,kqCPwfZuW6kMZz9AXISSKkecPPU=,EYaC0EirwXnQjlRgnmK4ElARExk=
-1,14,kqCPwfZuW6kMZz9AXISSKkecPPU=,EYaC0EirwXnQjlRgnmK4ElARExk=
-2,14,kqCPwfZuW6kMZz9AXISSKkecPPU=,EYaC0EirwXnQjlRgnmK4ElARExk=
-3,14,kqCPwfZuW6kMZz9AXISSKkecPPU=,EYaC0EirwXnQjlRgnmK4ElARExk=
-6,3,kqCPwfZuW6kMZz9AXISSKkecPPU=,EYaC0EirwXnQjlRgnmK4ElARExk=
-4,14,kqCPwfZuW6kMZz9AXISSKkecPPU=,EYaC0EirwXnQjlRgnmK4ElARExk=
-16,15,kqCPwfZuW6kMZz9AXISSKkecPPU=,EYaC0EirwXnQjlRgnmK4ElARExk=
-6,14,kqCPwfZuW6kMZz9AXISSKkecPPU=,EYaC0EirwXnQjlRgnmK4ElARExk=
-8,15,kqCPwfZuW6kMZz9AXISSKkecPPU=,EYaC0EirwXnQjlRgnmK4ElARExk=
-7,15,cD04EIp1QahTwNc1FSmXhzWqOBI=,EYaC0EirwXnQjlRgnmK4ElARExk=
-7,14,kqCPwfZuW6kMZz9AXISSKkecPPU=,EYaC0EirwXnQjlRgnmK4ElARExk=
-10,15,kqCPwfZuW6kMZz9AXISSKkecPPU=,EYaC0EirwXnQjlRgnmK4ElARExk=
-5,3,kqCPwfZuW6kMZz9AXISSKkecPPU=,EYaC0EirwXnQjlRgnmK4ElARExk=
-5,14,kqCPwfZuW6kMZz9AXISSKkecPPU=,EYaC0EirwXnQjlRgnmK4ElARExk=
-14,14,cD04EIp1QahTwNc1FSmXhzWqOBI=,EYaC0EirwXnQjlRgnmK4ElARExk=
-15,14,cD04EIp1QahTwNc1FSmXhzWqOBI=,EYaC0EirwXnQjlRgnmK4ElARExk=
-9,14,kqCPwfZuW6kMZz9AXISSKkecPPU=,EYaC0EirwXnQjlRgnmK4ElARExk=
-13,1,cD04EIp1QahTwNc1FSmXhzWqOBI=,EYaC0EirwXnQjlRgnmK4ElARExk=
-4,3,cD04EIp1QahTwNc1FSmXhzWqOBI=,EYaC0EirwXnQjlRgnmK4ElARExk=
-9,15,kqCPwfZuW6kMZz9AXISSKkecPPU=,EYaC0EirwXnQjlRgnmK4ElARExk=
-14,2,cD04EIp1QahTwNc1FSmXhzWqOBI=,EYaC0EirwXnQjlRgnmK4ElARExk=
-10,14,kqCPwfZuW6kMZz9AXISSKkecPPU=,EYaC0EirwXnQjlRgnmK4ElARExk=
-3,3,cD04EIp1QahTwNc1FSmXhzWqOBI=,EYaC0EirwXnQjlRgnmK4ElARExk=
-1,13,kqCPwfZuW6kMZz9AXISSKkecPPU=,EYaC0EirwXnQjlRgnmK4ElARExk=
-8,14,kqCPwfZuW6kMZz9AXISSKkecPPU=,EYaC0EirwXnQjlRgnmK4ElARExk=
-4,13,kqCPwfZuW6kMZz9AXISSKkecPPU=,EYaC0EirwXnQjlRgnmK4ElARExk=
-3,13,kqCPwfZuW6kMZz9AXISSKkecPPU=,EYaC0EirwXnQjlRgnmK4ElARExk=
-11,14,kqCPwfZuW6kMZz9AXISSKkecPPU=,EYaC0EirwXnQjlRgnmK4ElARExk=
-10,1,cD04EIp1QahTwNc1FSmXhzWqOBI=,EYaC0EirwXnQjlRgnmK4ElARExk=
-12,14,kqCPwfZuW6kMZz9AXISSKkecPPU=,EYaC0EirwXnQjlRgnmK4ElARExk=
-2,3,kqCPwfZuW6kMZz9AXISSKkecPPU=,EYaC0EirwXnQjlRgnmK4ElARExk=
-8,13,kqCPwfZuW6kMZz9AXISSKkecPPU=,EYaC0EirwXnQjlRgnmK4ElARExk=
-1,3,cD04EIp1QahTwNc1FSmXhzWqOBI=,EYaC0EirwXnQjlRgnmK4ElARExk=
-10,0,cD04EIp1QahTwNc1FSmXhzWqOBI=,EYaC0EirwXnQjlRgnmK4ElARExk=
-9,2,cD04EIp1QahTwNc1FSmXhzWqOBI=,EYaC0EirwXnQjlRgnmK4ElARExk=
-16,4,cD04EIp1QahTwNc1FSmXhzWqOBI=,EYaC0EirwXnQjlRgnmK4ElARExk=
-15,4,cD04EIp1QahTwNc1FSmXhzWqOBI=,EYaC0EirwXnQjlRgnmK4ElARExk=
-14,4,cD04EIp1QahTwNc1FSmXhzWqOBI=,EYaC0EirwXnQjlRgnmK4ElARExk=
-13,4,cD04EIp1QahTwNc1FSmXhzWqOBI=,EYaC0EirwXnQjlRgnmK4ElARExk=
-5,13,kqCPwfZuW6kMZz9AXISSKkecPPU=,EYaC0EirwXnQjlRgnmK4ElARExk=
-2,13,kqCPwfZuW6kMZz9AXISSKkecPPU=,EYaC0EirwXnQjlRgnmK4ElARExk=
-16,14,kqCPwfZuW6kMZz9AXISSKkecPPU=,EYaC0EirwXnQjlRgnmK4ElARExk=
-13,14,kqCPwfZuW6kMZz9AXISSKkecPPU=,EYaC0EirwXnQjlRgnmK4ElARExk=
-14,13,kqCPwfZuW6kMZz9AXISSKkecPPU=,EYaC0EirwXnQjlRgnmK4ElARExk=
-7,13,kqCPwfZuW6kMZz9AXISSKkecPPU=,EYaC0EirwXnQjlRgnmK4ElARExk=
-14,1,cD04EIp1QahTwNc1FSmXhzWqOBI=,EYaC0EirwXnQjlRgnmK4ElARExk=
-12,4,cD04EIp1QahTwNc1FSmXhzWqOBI=,EYaC0EirwXnQjlRgnmK4ElARExk=
-6,13,kqCPwfZuW6kMZz9AXISSKkecPPU=,EYaC0EirwXnQjlRgnmK4ElARExk=
-15,2,cD04EIp1QahTwNc1FSmXhzWqOBI=,EYaC0EirwXnQjlRgnmK4ElARExk=
-11,4,cD04EIp1QahTwNc1FSmXhzWqOBI=,EYaC0EirwXnQjlRgnmK4ElARExk=
-13,13,kqCPwfZuW6kMZz9AXISSKkecPPU=,EYaC0EirwXnQjlRgnmK4ElARExk=
-1,12,kqCPwfZuW6kMZz9AXISSKkecPPU=,EYaC0EirwXnQjlRgnmK4ElARExk=
-16,0,cD04EIp1QahTwNc1FSmXhzWqOBI=,EYaC0EirwXnQjlRgnmK4ElARExk=
-12,13,kqCPwfZuW6kMZz9AXISSKkecPPU=,EYaC0EirwXnQjlRgnmK4ElARExk=
-4,12,cD04EIp1QahTwNc1FSmXhzWqOBI=,EYaC0EirwXnQjlRgnmK4ElARExk=
-10,4,kqCPwfZuW6kMZz9AXISSKkecPPU=,EYaC0EirwXnQjlRgnmK4ElARExk=
-5,12,kqCPwfZuW6kMZz9AXISSKkecPPU=,EYaC0EirwXnQjlRgnmK4ElARExk=
-15,13,kqCPwfZuW6kMZz9AXISSKkecPPU=,EYaC0EirwXnQjlRgnmK4ElARExk=
-3,12,kqCPwfZuW6kMZz9AXISSKkecPPU=,EYaC0EirwXnQjlRgnmK4ElARExk=
-11,13,kqCPwfZuW6kMZz9AXISSKkecPPU=,EYaC0EirwXnQjlRgnmK4ElARExk=
-6,12,kqCPwfZuW6kMZz9AXISSKkecPPU=,EYaC0EirwXnQjlRgnmK4ElARExk=
-8,12,kqCPwfZuW6kMZz9AXISSKkecPPU=,EYaC0EirwXnQjlRgnmK4ElARExk=
-9,4,kqCPwfZuW6kMZz9AXISSKkecPPU=,EYaC0EirwXnQjlRgnmK4ElARExk=
-10,13,kqCPwfZuW6kMZz9AXISSKkecPPU=,EYaC0EirwXnQjlRgnmK4ElARExk=
-2,12,kqCPwfZuW6kMZz9AXISSKkecPPU=,EYaC0EirwXnQjlRgnmK4ElARExk=
-8,4,kqCPwfZuW6kMZz9AXISSKkecPPU=,EYaC0EirwXnQjlRgnmK4ElARExk=
-9,13,kqCPwfZuW6kMZz9AXISSKkecPPU=,EYaC0EirwXnQjlRgnmK4ElARExk=
-7,12,kqCPwfZuW6kMZz9AXISSKkecPPU=,EYaC0EirwXnQjlRgnmK4ElARExk=
-14,12,kqCPwfZuW6kMZz9AXISSKkecPPU=,EYaC0EirwXnQjlRgnmK4ElARExk=
-13,12,kqCPwfZuW6kMZz9AXISSKkecPPU=,EYaC0EirwXnQjlRgnmK4ElARExk=
-15,1,cD04EIp1QahTwNc1FSmXhzWqOBI=,EYaC0EirwXnQjlRgnmK4ElARExk=
-16,1,cD04EIp1QahTwNc1FSmXhzWqOBI=,EYaC0EirwXnQjlRgnmK4ElARExk=
-7,4,kqCPwfZuW6kMZz9AXISSKkecPPU=,EYaC0EirwXnQjlRgnmK4ElARExk=
-11,12,kqCPwfZuW6kMZz9AXISSKkecPPU=,EYaC0EirwXnQjlRgnmK4ElARExk=
-14,0,cD04EIp1QahTwNc1FSmXhzWqOBI=,EYaC0EirwXnQjlRgnmK4ElARExk=
-9,12,kqCPwfZuW6kMZz9AXISSKkecPPU=,EYaC0EirwXnQjlRgnmK4ElARExk=
-16,3,cD04EIp1QahTwNc1FSmXhzWqOBI=,EYaC0EirwXnQjlRgnmK4ElARExk=
-16,13,kqCPwfZuW6kMZz9AXISSKkecPPU=,EYaC0EirwXnQjlRgnmK4ElARExk=
-16,2,cD04EIp1QahTwNc1FSmXhzWqOBI=,EYaC0EirwXnQjlRgnmK4ElARExk=
-1,0,kqCPwfZuW6kMZz9AXISSKkecPPU=,EYaC0EirwXnQjlRgnmK4ElARExk=
-12,12,kqCPwfZuW6kMZz9AXISSKkecPPU=,EYaC0EirwXnQjlRgnmK4ElARExk=
-15,12,kqCPwfZuW6kMZz9AXISSKkecPPU=,EYaC0EirwXnQjlRgnmK4ElARExk=
-16,12,kqCPwfZuW6kMZz9AXISSKkecPPU=,EYaC0EirwXnQjlRgnmK4ElARExk=
-6,4,kqCPwfZuW6kMZz9AXISSKkecPPU=,EYaC0EirwXnQjlRgnmK4ElARExk=
-1,11,kqCPwfZuW6kMZz9AXISSKkecPPU=,EYaC0EirwXnQjlRgnmK4ElARExk=
-10,12,kqCPwfZuW6kMZz9AXISSKkecPPU=,EYaC0EirwXnQjlRgnmK4ElARExk=
-1,1,kqCPwfZuW6kMZz9AXISSKkecPPU=,EYaC0EirwXnQjlRgnmK4ElARExk=
-6,11,cD04EIp1QahTwNc1FSmXhzWqOBI=,EYaC0EirwXnQjlRgnmK4ElARExk=
-2,11,kqCPwfZuW6kMZz9AXISSKkecPPU=,EYaC0EirwXnQjlRgnmK4ElARExk=
-7,11,kqCPwfZuW6kMZz9AXISSKkecPPU=,EYaC0EirwXnQjlRgnmK4ElARExk=
-4,11,kqCPwfZuW6kMZz9AXISSKkecPPU=,EYaC0EirwXnQjlRgnmK4ElARExk=
-2,1,kqCPwfZuW6kMZz9AXISSKkecPPU=,EYaC0EirwXnQjlRgnmK4ElARExk=
-5,11,kqCPwfZuW6kMZz9AXISSKkecPPU=,EYaC0EirwXnQjlRgnmK4ElARExk=
-1,2,kqCPwfZuW6kMZz9AXISSKkecPPU=,EYaC0EirwXnQjlRgnmK4ElARExk=
-3,11,kqCPwfZuW6kMZz9AXISSKkecPPU=,EYaC0EirwXnQjlRgnmK4ElARExk=
-10,11,kqCPwfZuW6kMZz9AXISSKkecPPU=,EYaC0EirwXnQjlRgnmK4ElARExk=
-5,4,kqCPwfZuW6kMZz9AXISSKkecPPU=,EYaC0EirwXnQjlRgnmK4ElARExk=
-8,11,kqCPwfZuW6kMZz9AXISSKkecPPU=,EYaC0EirwXnQjlRgnmK4ElARExk=
-2,0,kqCPwfZuW6kMZz9AXISSKkecPPU=,EYaC0EirwXnQjlRgnmK4ElARExk=
-3,0,kqCPwfZuW6kMZz9AXISSKkecPPU=,EYaC0EirwXnQjlRgnmK4ElARExk=
-13,11,kqCPwfZuW6kMZz9AXISSKkecPPU=,EYaC0EirwXnQjlRgnmK4ElARExk=
-12,11,kqCPwfZuW6kMZz9AXISSKkecPPU=,EYaC0EirwXnQjlRgnmK4ElARExk=
-11,11,kqCPwfZuW6kMZz9AXISSKkecPPU=,EYaC0EirwXnQjlRgnmK4ElARExk=
-9,11,kqCPwfZuW6kMZz9AXISSKkecPPU=,EYaC0EirwXnQjlRgnmK4ElARExk=
-1,10,kqCPwfZuW6kMZz9AXISSKkecPPU=,EYaC0EirwXnQjlRgnmK4ElARExk=
-4,4,kqCPwfZuW6kMZz9AXISSKkecPPU=,EYaC0EirwXnQjlRgnmK4ElARExk=
-15,11,kqCPwfZuW6kMZz9AXISSKkecPPU=,EYaC0EirwXnQjlRgnmK4ElARExk=
-2,10,kqCPwfZuW6kMZz9AXISSKkecPPU=,EYaC0EirwXnQjlRgnmK4ElARExk=
-7,10,kqCPwfZuW6kMZz9AXISSKkecPPU=,EYaC0EirwXnQjlRgnmK4ElARExk=
-5,10,kqCPwfZuW6kMZz9AXISSKkecPPU=,EYaC0EirwXnQjlRgnmK4ElARExk=
-4,10,kqCPwfZuW6kMZz9AXISSKkecPPU=,EYaC0EirwXnQjlRgnmK4ElARExk=
-6,10,cD04EIp1QahTwNc1FSmXhzWqOBI=,EYaC0EirwXnQjlRgnmK4ElARExk=
-3,1,kqCPwfZuW6kMZz9AXISSKkecPPU=,EYaC0EirwXnQjlRgnmK4ElARExk=
-3,4,kqCPwfZuW6kMZz9AXISSKkecPPU=,EYaC0EirwXnQjlRgnmK4ElARExk=
-8,10,kqCPwfZuW6kMZz9AXISSKkecPPU=,EYaC0EirwXnQjlRgnmK4ElARExk=
-14,11,kqCPwfZuW6kMZz9AXISSKkecPPU=,EYaC0EirwXnQjlRgnmK4ElARExk=
-2,2,kqCPwfZuW6kMZz9AXISSKkecPPU=,EYaC0EirwXnQjlRgnmK4ElARExk=
-16,11,kqCPwfZuW6kMZz9AXISSKkecPPU=,EYaC0EirwXnQjlRgnmK4ElARExk=
-9,10,kqCPwfZuW6kMZz9AXISSKkecPPU=,EYaC0EirwXnQjlRgnmK4ElARExk=
-3,10,kqCPwfZuW6kMZz9AXISSKkecPPU=,EYaC0EirwXnQjlRgnmK4ElARExk=
-2,4,kqCPwfZuW6kMZz9AXISSKkecPPU=,EYaC0EirwXnQjlRgnmK4ElARExk=
-10,10,kqCPwfZuW6kMZz9AXISSKkecPPU=,EYaC0EirwXnQjlRgnmK4ElARExk=
-13,10,kqCPwfZuW6kMZz9AXISSKkecPPU=,EYaC0EirwXnQjlRgnmK4ElARExk=
-11,10,kqCPwfZuW6kMZz9AXISSKkecPPU=,EYaC0EirwXnQjlRgnmK4ElARExk=
-1,9,kqCPwfZuW6kMZz9AXISSKkecPPU=,EYaC0EirwXnQjlRgnmK4ElARExk=
-12,10,kqCPwfZuW6kMZz9AXISSKkecPPU=,EYaC0EirwXnQjlRgnmK4ElARExk=
-3,2,kqCPwfZuW6kMZz9AXISSKkecPPU=,EYaC0EirwXnQjlRgnmK4ElARExk=
-2,9,kqCPwfZuW6kMZz9AXISSKkecPPU=,EYaC0EirwXnQjlRgnmK4ElARExk=
-14,10,kqCPwfZuW6kMZz9AXISSKkecPPU=,EYaC0EirwXnQjlRgnmK4ElARExk=
-16,10,kqCPwfZuW6kMZz9AXISSKkecPPU=,EYaC0EirwXnQjlRgnmK4ElARExk=
-4,0,kqCPwfZuW6kMZz9AXISSKkecPPU=,EYaC0EirwXnQjlRgnmK4ElARExk=
-3,9,kqCPwfZuW6kMZz9AXISSKkecPPU=,EYaC0EirwXnQjlRgnmK4ElARExk=
-4,9,kqCPwfZuW6kMZz9AXISSKkecPPU=,EYaC0EirwXnQjlRgnmK4ElARExk=
-6,9,kqCPwfZuW6kMZz9AXISSKkecPPU=,EYaC0EirwXnQjlRgnmK4ElARExk=
-1,4,kqCPwfZuW6kMZz9AXISSKkecPPU=,EYaC0EirwXnQjlRgnmK4ElARExk=
-5,9,kqCPwfZuW6kMZz9AXISSKkecPPU=,EYaC0EirwXnQjlRgnmK4ElARExk=
-7,9,kqCPwfZuW6kMZz9AXISSKkecPPU=,EYaC0EirwXnQjlRgnmK4ElARExk=
-9,1,kqCPwfZuW6kMZz9AXISSKkecPPU=,EYaC0EirwXnQjlRgnmK4ElARExk=
-16,5,cD04EIp1QahTwNc1FSmXhzWqOBI=,EYaC0EirwXnQjlRgnmK4ElARExk=
-4,1,kqCPwfZuW6kMZz9AXISSKkecPPU=,EYaC0EirwXnQjlRgnmK4ElARExk=
-8,2,kqCPwfZuW6kMZz9AXISSKkecPPU=,EYaC0EirwXnQjlRgnmK4ElARExk=
-9,0,cD04EIp1QahTwNc1FSmXhzWqOBI=,EYaC0EirwXnQjlRgnmK4ElARExk=
-15,5,cD04EIp1QahTwNc1FSmXhzWqOBI=,EYaC0EirwXnQjlRgnmK4ElARExk=
-14,5,cD04EIp1QahTwNc1FSmXhzWqOBI=,EYaC0EirwXnQjlRgnmK4ElARExk=
-13,5,cD04EIp1QahTwNc1FSmXhzWqOBI=,EYaC0EirwXnQjlRgnmK4ElARExk=
-8,9,kqCPwfZuW6kMZz9AXISSKkecPPU=,EYaC0EirwXnQjlRgnmK4ElARExk=
-15,10,kqCPwfZuW6kMZz9AXISSKkecPPU=,EYaC0EirwXnQjlRgnmK4ElARExk=
-12,5,kqCPwfZuW6kMZz9AXISSKkecPPU=,EYaC0EirwXnQjlRgnmK4ElARExk=
-13,9,kqCPwfZuW6kMZz9AXISSKkecPPU=,EYaC0EirwXnQjlRgnmK4ElARExk=
-4,2,kqCPwfZuW6kMZz9AXISSKkecPPU=,EYaC0EirwXnQjlRgnmK4ElARExk=
-15,9,kqCPwfZuW6kMZz9AXISSKkecPPU=,EYaC0EirwXnQjlRgnmK4ElARExk=
-9,9,kqCPwfZuW6kMZz9AXISSKkecPPU=,EYaC0EirwXnQjlRgnmK4ElARExk=
-10,9,kqCPwfZuW6kMZz9AXISSKkecPPU=,EYaC0EirwXnQjlRgnmK4ElARExk=
-11,9,kqCPwfZuW6kMZz9AXISSKkecPPU=,EYaC0EirwXnQjlRgnmK4ElARExk=
-14,9,kqCPwfZuW6kMZz9AXISSKkecPPU=,EYaC0EirwXnQjlRgnmK4ElARExk=
-5,0,kqCPwfZuW6kMZz9AXISSKkecPPU=,EYaC0EirwXnQjlRgnmK4ElARExk=
-12,9,kqCPwfZuW6kMZz9AXISSKkecPPU=,EYaC0EirwXnQjlRgnmK4ElARExk=
-5,1,kqCPwfZuW6kMZz9AXISSKkecPPU=,EYaC0EirwXnQjlRgnmK4ElARExk=
-1,8,kqCPwfZuW6kMZz9AXISSKkecPPU=,EYaC0EirwXnQjlRgnmK4ElARExk=
-16,9,kqCPwfZuW6kMZz9AXISSKkecPPU=,EYaC0EirwXnQjlRgnmK4ElARExk=
-3,8,kqCPwfZuW6kMZz9AXISSKkecPPU=,EYaC0EirwXnQjlRgnmK4ElARExk=
-7,8,kqCPwfZuW6kMZz9AXISSKkecPPU=,EYaC0EirwXnQjlRgnmK4ElARExk=
-4,8,kqCPwfZuW6kMZz9AXISSKkecPPU=,EYaC0EirwXnQjlRgnmK4ElARExk=
-8,8,kqCPwfZuW6kMZz9AXISSKkecPPU=,EYaC0EirwXnQjlRgnmK4ElARExk=
-2,8,kqCPwfZuW6kMZz9AXISSKkecPPU=,EYaC0EirwXnQjlRgnmK4ElARExk=
-9,8,kqCPwfZuW6kMZz9AXISSKkecPPU=,EYaC0EirwXnQjlRgnmK4ElARExk=
-10,8,kqCPwfZuW6kMZz9AXISSKkecPPU=,EYaC0EirwXnQjlRgnmK4ElARExk=
-6,0,kqCPwfZuW6kMZz9AXISSKkecPPU=,EYaC0EirwXnQjlRgnmK4ElARExk=
-11,8,kqCPwfZuW6kMZz9AXISSKkecPPU=,EYaC0EirwXnQjlRgnmK4ElARExk=
-13,8,kqCPwfZuW6kMZz9AXISSKkecPPU=,EYaC0EirwXnQjlRgnmK4ElARExk=
-12,8,kqCPwfZuW6kMZz9AXISSKkecPPU=,EYaC0EirwXnQjlRgnmK4ElARExk=
-16,8,kqCPwfZuW6kMZz9AXISSKkecPPU=,EYaC0EirwXnQjlRgnmK4ElARExk=
-6,8,kqCPwfZuW6kMZz9AXISSKkecPPU=,EYaC0EirwXnQjlRgnmK4ElARExk=
-5,8,kqCPwfZuW6kMZz9AXISSKkecPPU=,EYaC0EirwXnQjlRgnmK4ElARExk=
-5,2,kqCPwfZuW6kMZz9AXISSKkecPPU=,EYaC0EirwXnQjlRgnmK4ElARExk=
-15,8,kqCPwfZuW6kMZz9AXISSKkecPPU=,EYaC0EirwXnQjlRgnmK4ElARExk=
-14,8,kqCPwfZuW6kMZz9AXISSKkecPPU=,EYaC0EirwXnQjlRgnmK4ElARExk=
-6,1,kqCPwfZuW6kMZz9AXISSKkecPPU=,EYaC0EirwXnQjlRgnmK4ElARExk=
-4,7,kqCPwfZuW6kMZz9AXISSKkecPPU=,EYaC0EirwXnQjlRgnmK4ElARExk=
-3,7,kqCPwfZuW6kMZz9AXISSKkecPPU=,EYaC0EirwXnQjlRgnmK4ElARExk=
-5,7,kqCPwfZuW6kMZz9AXISSKkecPPU=,EYaC0EirwXnQjlRgnmK4ElARExk=
-7,7,kqCPwfZuW6kMZz9AXISSKkecPPU=,EYaC0EirwXnQjlRgnmK4ElARExk=
-1,7,kqCPwfZuW6kMZz9AXISSKkecPPU=,EYaC0EirwXnQjlRgnmK4ElARExk=
-11,5,kqCPwfZuW6kMZz9AXISSKkecPPU=,EYaC0EirwXnQjlRgnmK4ElARExk=
-9,7,kqCPwfZuW6kMZz9AXISSKkecPPU=,EYaC0EirwXnQjlRgnmK4ElARExk=
-10,7,kqCPwfZuW6kMZz9AXISSKkecPPU=,EYaC0EirwXnQjlRgnmK4ElARExk=
-14,7,kqCPwfZuW6kMZz9AXISSKkecPPU=,EYaC0EirwXnQjlRgnmK4ElARExk=
-7,0,cD04EIp1QahTwNc1FSmXhzWqOBI=,EYaC0EirwXnQjlRgnmK4ElARExk=
-11,7,kqCPwfZuW6kMZz9AXISSKkecPPU=,EYaC0EirwXnQjlRgnmK4ElARExk=
-16,7,cD04EIp1QahTwNc1FSmXhzWqOBI=,EYaC0EirwXnQjlRgnmK4ElARExk=
-15,7,kqCPwfZuW6kMZz9AXISSKkecPPU=,EYaC0EirwXnQjlRgnmK4ElARExk=
-7,1,kqCPwfZuW6kMZz9AXISSKkecPPU=,EYaC0EirwXnQjlRgnmK4ElARExk=
-13,7,kqCPwfZuW6kMZz9AXISSKkecPPU=,EYaC0EirwXnQjlRgnmK4ElARExk=
-2,7,kqCPwfZuW6kMZz9AXISSKkecPPU=,EYaC0EirwXnQjlRgnmK4ElARExk=
-8,7,kqCPwfZuW6kMZz9AXISSKkecPPU=,EYaC0EirwXnQjlRgnmK4ElARExk=
-6,2,kqCPwfZuW6kMZz9AXISSKkecPPU=,EYaC0EirwXnQjlRgnmK4ElARExk=
-3,6,kqCPwfZuW6kMZz9AXISSKkecPPU=,EYaC0EirwXnQjlRgnmK4ElARExk=
-1,6,kqCPwfZuW6kMZz9AXISSKkecPPU=,EYaC0EirwXnQjlRgnmK4ElARExk=
-12,7,kqCPwfZuW6kMZz9AXISSKkecPPU=,EYaC0EirwXnQjlRgnmK4ElARExk=
-4,6,kqCPwfZuW6kMZz9AXISSKkecPPU=,EYaC0EirwXnQjlRgnmK4ElARExk=
-5,6,kqCPwfZuW6kMZz9AXISSKkecPPU=,EYaC0EirwXnQjlRgnmK4ElARExk=
-6,7,kqCPwfZuW6kMZz9AXISSKkecPPU=,EYaC0EirwXnQjlRgnmK4ElARExk=
-6,6,kqCPwfZuW6kMZz9AXISSKkecPPU=,EYaC0EirwXnQjlRgnmK4ElARExk=
-8,6,kqCPwfZuW6kMZz9AXISSKkecPPU=,EYaC0EirwXnQjlRgnmK4ElARExk=
-10,5,kqCPwfZuW6kMZz9AXISSKkecPPU=,EYaC0EirwXnQjlRgnmK4ElARExk=
-13,6,kqCPwfZuW6kMZz9AXISSKkecPPU=,EYaC0EirwXnQjlRgnmK4ElARExk=
-15,6,cD04EIp1QahTwNc1FSmXhzWqOBI=,EYaC0EirwXnQjlRgnmK4ElARExk=
-8,0,cD04EIp1QahTwNc1FSmXhzWqOBI=,EYaC0EirwXnQjlRgnmK4ElARExk=
-14,6,kqCPwfZuW6kMZz9AXISSKkecPPU=,EYaC0EirwXnQjlRgnmK4ElARExk=
-16,6,cD04EIp1QahTwNc1FSmXhzWqOBI=,EYaC0EirwXnQjlRgnmK4ElARExk=
-2,6,kqCPwfZuW6kMZz9AXISSKkecPPU=,EYaC0EirwXnQjlRgnmK4ElARExk=
-8,1,kqCPwfZuW6kMZz9AXISSKkecPPU=,EYaC0EirwXnQjlRgnmK4ElARExk=
-10,6,kqCPwfZuW6kMZz9AXISSKkecPPU=,EYaC0EirwXnQjlRgnmK4ElARExk=
-1,5,kqCPwfZuW6kMZz9AXISSKkecPPU=,EYaC0EirwXnQjlRgnmK4ElARExk=
-7,2,kqCPwfZuW6kMZz9AXISSKkecPPU=,EYaC0EirwXnQjlRgnmK4ElARExk=
-12,6,kqCPwfZuW6kMZz9AXISSKkecPPU=,EYaC0EirwXnQjlRgnmK4ElARExk=
-2,5,kqCPwfZuW6kMZz9AXISSKkecPPU=,EYaC0EirwXnQjlRgnmK4ElARExk=
-9,5,kqCPwfZuW6kMZz9AXISSKkecPPU=,EYaC0EirwXnQjlRgnmK4ElARExk=
-3,5,kqCPwfZuW6kMZz9AXISSKkecPPU=,EYaC0EirwXnQjlRgnmK4ElARExk=
-7,6,kqCPwfZuW6kMZz9AXISSKkecPPU=,EYaC0EirwXnQjlRgnmK4ElARExk=
-9,6,kqCPwfZuW6kMZz9AXISSKkecPPU=,EYaC0EirwXnQjlRgnmK4ElARExk=
-5,5,kqCPwfZuW6kMZz9AXISSKkecPPU=,EYaC0EirwXnQjlRgnmK4ElARExk=
-6,5,kqCPwfZuW6kMZz9AXISSKkecPPU=,EYaC0EirwXnQjlRgnmK4ElARExk=
-8,5,kqCPwfZuW6kMZz9AXISSKkecPPU=,EYaC0EirwXnQjlRgnmK4ElARExk=
-7,5,kqCPwfZuW6kMZz9AXISSKkecPPU=,EYaC0EirwXnQjlRgnmK4ElARExk=
-4,5,kqCPwfZuW6kMZz9AXISSKkecPPU=,EYaC0EirwXnQjlRgnmK4ElARExk=
-11,6,kqCPwfZuW6kMZz9AXISSKkecPPU=,EYaC0EirwXnQjlRgnmK4ElARExk=
