28,-71,pVSvbpfwv3XJj2tdz8n8lAowenw=,wFbUTVrWDT7ArZEi6VcX09jeAYs=
27,-71,pVSvbpfwv3XJj2tdz8n8lAowenw=,wFbUTVrWDT7ArZEi6VcX09jeAYs=
26,-71,pVSvbpfwv3XJj2tdz8n8lAowenw=,wFbUTVrWDT7ArZEi6VcX09jeAYs=
25,-71,pVSvbpfwv3XJj2tdz8n8lAowenw=,wFbUTVrWDT7ArZEi6VcX09jeAYs=
28,-68,pVSvbpfwv3XJj2tdz8n8lAowenw=,wFbUTVrWDT7ArZEi6VcX09jeAYs=
26,-68,pVSvbpfwv3XJj2tdz8n8lAowenw=,wFbUTVrWDT7ArZEi6VcX09jeAYs=
25,-68,pVSvbpfwv3XJj2tdz8n8lAowenw=,wFbUTVrWDT7ArZEi6VcX09jeAYs=
27,-68,pVSvbpfwv3XJj2tdz8n8lAowenw=,wFbUTVrWDT7ArZEi6VcX09jeAYs=
29,-69,pVSvbpfwv3XJj2tdz8n8lAowenw=,wFbUTVrWDT7ArZEi6VcX09jeAYs=
27,-69,pVSvbpfwv3XJj2tdz8n8lAowenw=,wFbUTVrWDT7ArZEi6VcX09jeAYs=
28,-69,pVSvbpfwv3XJj2tdz8n8lAowenw=,wFbUTVrWDT7ArZEi6VcX09jeAYs=
26,-69,pVSvbpfwv3XJj2tdz8n8lAowenw=,wFbUTVrWDT7ArZEi6VcX09jeAYs=
25,-69,pVSvbpfwv3XJj2tdz8n8lAowenw=,wFbUTVrWDT7ArZEi6VcX09jeAYs=
29,-70,pVSvbpfwv3XJj2tdz8n8lAowenw=,wFbUTVrWDT7ArZEi6VcX09jeAYs=
28,-70,pVSvbpfwv3XJj2tdz8n8lAowenw=,wFbUTVrWDT7ArZEi6VcX09jeAYs=
26,-70,pVSvbpfwv3XJj2tdz8n8lAowenw=,wFbUTVrWDT7ArZEi6VcX09jeAYs=
27,-70,pVSvbpfwv3XJj2tdz8n8lAowenw=,wFbUTVrWDT7ArZEi6VcX09jeAYs=
25,-70,pVSvbpfwv3XJj2tdz8n8lAowenw=,wFbUTVrWDT7ArZEi6VcX09jeAYs=
30,-71,pVSvbpfwv3XJj2tdz8n8lAowenw=,wFbUTVrWDT7ArZEi6VcX09jeAYs=
29,-71,pVSvbpfwv3XJj2tdz8n8lAowenw=,wFbUTVrWDT7ArZEi6VcX09jeAYs=
28,-74,pVSvbpfwv3XJj2tdz8n8lAowenw=,cO+o/GTzXMsApap96MKMBxUzpiw=
29,-74,pVSvbpfwv3XJj2tdz8n8lAowenw=,cO+o/GTzXMsApap96MKMBxUzpiw=
31,-74,pVSvbpfwv3XJj2tdz8n8lAowenw=,cO+o/GTzXMsApap96MKMBxUzpiw=
25,-73,pVSvbpfwv3XJj2tdz8n8lAowenw=,cO+o/GTzXMsApap96MKMBxUzpiw=
26,-73,pVSvbpfwv3XJj2tdz8n8lAowenw=,cO+o/GTzXMsApap96MKMBxUzpiw=
27,-73,pVSvbpfwv3XJj2tdz8n8lAowenw=,cO+o/GTzXMsApap96MKMBxUzpiw=
30,-74,pVSvbpfwv3XJj2tdz8n8lAowenw=,cO+o/GTzXMsApap96MKMBxUzpiw=
29,-73,pVSvbpfwv3XJj2tdz8n8lAowenw=,cO+o/GTzXMsApap96MKMBxUzpiw=
28,-73,pVSvbpfwv3XJj2tdz8n8lAowenw=,cO+o/GTzXMsApap96MKMBxUzpiw=
30,-73,pVSvbpfwv3XJj2tdz8n8lAowenw=,cO+o/GTzXMsApap96MKMBxUzpiw=
30,-79,pVSvbpfwv3XJj2tdz8n8lAowenw=,cO+o/GTzXMsApap96MKMBxUzpiw=
31,-79,pVSvbpfwv3XJj2tdz8n8lAowenw=,cO+o/GTzXMsApap96MKMBxUzpiw=
30,-78,pVSvbpfwv3XJj2tdz8n8lAowenw=,cO+o/GTzXMsApap96MKMBxUzpiw=
31,-78,pVSvbpfwv3XJj2tdz8n8lAowenw=,cO+o/GTzXMsApap96MKMBxUzpiw=
26,-76,pVSvbpfwv3XJj2tdz8n8lAowenw=,cO+o/GTzXMsApap96MKMBxUzpiw=
25,-72,pVSvbpfwv3XJj2tdz8n8lAowenw=,wFbUTVrWDT7ArZEi6VcX09jeAYs=
26,-72,pVSvbpfwv3XJj2tdz8n8lAowenw=,wFbUTVrWDT7ArZEi6VcX09jeAYs=
27,-76,pVSvbpfwv3XJj2tdz8n8lAowenw=,cO+o/GTzXMsApap96MKMBxUzpiw=
27,-72,pVSvbpfwv3XJj2tdz8n8lAowenw=,wFbUTVrWDT7ArZEi6VcX09jeAYs=
28,-72,pVSvbpfwv3XJj2tdz8n8lAowenw=,wFbUTVrWDT7ArZEi6VcX09jeAYs=
29,-72,pVSvbpfwv3XJj2tdz8n8lAowenw=,wFbUTVrWDT7ArZEi6VcX09jeAYs=
30,-72,pVSvbpfwv3XJj2tdz8n8lAowenw=,wFbUTVrWDT7ArZEi6VcX09jeAYs=
25,-75,pVSvbpfwv3XJj2tdz8n8lAowenw=,cO+o/GTzXMsApap96MKMBxUzpiw=
26,-75,pVSvbpfwv3XJj2tdz8n8lAowenw=,cO+o/GTzXMsApap96MKMBxUzpiw=
27,-75,pVSvbpfwv3XJj2tdz8n8lAowenw=,cO+o/GTzXMsApap96MKMBxUzpiw=
28,-75,pVSvbpfwv3XJj2tdz8n8lAowenw=,cO+o/GTzXMsApap96MKMBxUzpiw=
29,-75,pVSvbpfwv3XJj2tdz8n8lAowenw=,cO+o/GTzXMsApap96MKMBxUzpiw=
25,-74,pVSvbpfwv3XJj2tdz8n8lAowenw=,cO+o/GTzXMsApap96MKMBxUzpiw=
26,-74,pVSvbpfwv3XJj2tdz8n8lAowenw=,cO+o/GTzXMsApap96MKMBxUzpiw=
27,-74,pVSvbpfwv3XJj2tdz8n8lAowenw=,cO+o/GTzXMsApap96MKMBxUzpiw=
23,-70,pVSvbpfwv3XJj2tdz8n8lAowenw=,5Y5WBFvGHZM3RHegvxL/0ULzrQQ=
24,-70,pVSvbpfwv3XJj2tdz8n8lAowenw=,wFbUTVrWDT7ArZEi6VcX09jeAYs=
23,-69,pVSvbpfwv3XJj2tdz8n8lAowenw=,5Y5WBFvGHZM3RHegvxL/0ULzrQQ=
23,-71,pVSvbpfwv3XJj2tdz8n8lAowenw=,5Y5WBFvGHZM3RHegvxL/0ULzrQQ=
24,-69,pVSvbpfwv3XJj2tdz8n8lAowenw=,wFbUTVrWDT7ArZEi6VcX09jeAYs=
22,-71,pVSvbpfwv3XJj2tdz8n8lAowenw=,5Y5WBFvGHZM3RHegvxL/0ULzrQQ=
22,-68,pVSvbpfwv3XJj2tdz8n8lAowenw=,5Y5WBFvGHZM3RHegvxL/0ULzrQQ=
23,-68,pVSvbpfwv3XJj2tdz8n8lAowenw=,5Y5WBFvGHZM3RHegvxL/0ULzrQQ=
24,-68,pVSvbpfwv3XJj2tdz8n8lAowenw=,wFbUTVrWDT7ArZEi6VcX09jeAYs=
24,-71,pVSvbpfwv3XJj2tdz8n8lAowenw=,wFbUTVrWDT7ArZEi6VcX09jeAYs=
16,-70,pVSvbpfwv3XJj2tdz8n8lAowenw=,5Y5WBFvGHZM3RHegvxL/0ULzrQQ=
16,-69,pVSvbpfwv3XJj2tdz8n8lAowenw=,5Y5WBFvGHZM3RHegvxL/0ULzrQQ=
16,-71,pVSvbpfwv3XJj2tdz8n8lAowenw=,5Y5WBFvGHZM3RHegvxL/0ULzrQQ=
29,-79,pVSvbpfwv3XJj2tdz8n8lAowenw=,cO+o/GTzXMsApap96MKMBxUzpiw=
30,-77,pVSvbpfwv3XJj2tdz8n8lAowenw=,cO+o/GTzXMsApap96MKMBxUzpiw=
29,-78,pVSvbpfwv3XJj2tdz8n8lAowenw=,cO+o/GTzXMsApap96MKMBxUzpiw=
28,-77,pVSvbpfwv3XJj2tdz8n8lAowenw=,cO+o/GTzXMsApap96MKMBxUzpiw=
31,-77,pVSvbpfwv3XJj2tdz8n8lAowenw=,cO+o/GTzXMsApap96MKMBxUzpiw=
28,-78,pVSvbpfwv3XJj2tdz8n8lAowenw=,cO+o/GTzXMsApap96MKMBxUzpiw=
29,-80,pVSvbpfwv3XJj2tdz8n8lAowenw=,cO+o/GTzXMsApap96MKMBxUzpiw=
29,-77,pVSvbpfwv3XJj2tdz8n8lAowenw=,cO+o/GTzXMsApap96MKMBxUzpiw=
30,-80,pVSvbpfwv3XJj2tdz8n8lAowenw=,cO+o/GTzXMsApap96MKMBxUzpiw=
31,-80,pVSvbpfwv3XJj2tdz8n8lAowenw=,cO+o/GTzXMsApap96MKMBxUzpiw=
28,-80,pVSvbpfwv3XJj2tdz8n8lAowenw=,cO+o/GTzXMsApap96MKMBxUzpiw=
28,-79,pVSvbpfwv3XJj2tdz8n8lAowenw=,cO+o/GTzXMsApap96MKMBxUzpiw=
31,-73,pVSvbpfwv3XJj2tdz8n8lAowenw=,cO+o/GTzXMsApap96MKMBxUzpiw=
31,-72,pVSvbpfwv3XJj2tdz8n8lAowenw=,wFbUTVrWDT7ArZEi6VcX09jeAYs=
16,-77,pVSvbpfwv3XJj2tdz8n8lAowenw=,XuTd5JHqKtSXX8X9YeoVPdDTMi8=
24,-73,pVSvbpfwv3XJj2tdz8n8lAowenw=,cO+o/GTzXMsApap96MKMBxUzpiw=
19,-75,pVSvbpfwv3XJj2tdz8n8lAowenw=,XuTd5JHqKtSXX8X9YeoVPdDTMi8=
19,-76,pVSvbpfwv3XJj2tdz8n8lAowenw=,XuTd5JHqKtSXX8X9YeoVPdDTMi8=
18,-74,pVSvbpfwv3XJj2tdz8n8lAowenw=,XuTd5JHqKtSXX8X9YeoVPdDTMi8=
19,-74,pVSvbpfwv3XJj2tdz8n8lAowenw=,XuTd5JHqKtSXX8X9YeoVPdDTMi8=
31,-75,pVSvbpfwv3XJj2tdz8n8lAowenw=,cO+o/GTzXMsApap96MKMBxUzpiw=
23,-80,pVSvbpfwv3XJj2tdz8n8lAowenw=,XuTd5JHqKtSXX8X9YeoVPdDTMi8=
30,-69,pVSvbpfwv3XJj2tdz8n8lAowenw=,wFbUTVrWDT7ArZEi6VcX09jeAYs=
30,-75,pVSvbpfwv3XJj2tdz8n8lAowenw=,cO+o/GTzXMsApap96MKMBxUzpiw=
28,-76,pVSvbpfwv3XJj2tdz8n8lAowenw=,cO+o/GTzXMsApap96MKMBxUzpiw=
30,-70,pVSvbpfwv3XJj2tdz8n8lAowenw=,wFbUTVrWDT7ArZEi6VcX09jeAYs=
24,-78,pVSvbpfwv3XJj2tdz8n8lAowenw=,cO+o/GTzXMsApap96MKMBxUzpiw=
29,-76,pVSvbpfwv3XJj2tdz8n8lAowenw=,cO+o/GTzXMsApap96MKMBxUzpiw=
31,-71,pVSvbpfwv3XJj2tdz8n8lAowenw=,wFbUTVrWDT7ArZEi6VcX09jeAYs=
23,-77,pVSvbpfwv3XJj2tdz8n8lAowenw=,XuTd5JHqKtSXX8X9YeoVPdDTMi8=
23,-78,pVSvbpfwv3XJj2tdz8n8lAowenw=,XuTd5JHqKtSXX8X9YeoVPdDTMi8=
24,-74,pVSvbpfwv3XJj2tdz8n8lAowenw=,cO+o/GTzXMsApap96MKMBxUzpiw=
31,-70,pVSvbpfwv3XJj2tdz8n8lAowenw=,wFbUTVrWDT7ArZEi6VcX09jeAYs=
23,-79,pVSvbpfwv3XJj2tdz8n8lAowenw=,XuTd5JHqKtSXX8X9YeoVPdDTMi8=
31,-69,pVSvbpfwv3XJj2tdz8n8lAowenw=,wFbUTVrWDT7ArZEi6VcX09jeAYs=
30,-76,pVSvbpfwv3XJj2tdz8n8lAowenw=,cO+o/GTzXMsApap96MKMBxUzpiw=
23,-76,pVSvbpfwv3XJj2tdz8n8lAowenw=,XuTd5JHqKtSXX8X9YeoVPdDTMi8=
23,-72,pVSvbpfwv3XJj2tdz8n8lAowenw=,5Y5WBFvGHZM3RHegvxL/0ULzrQQ=
22,-72,pVSvbpfwv3XJj2tdz8n8lAowenw=,5Y5WBFvGHZM3RHegvxL/0ULzrQQ=
22,-77,pVSvbpfwv3XJj2tdz8n8lAowenw=,XuTd5JHqKtSXX8X9YeoVPdDTMi8=
24,-75,pVSvbpfwv3XJj2tdz8n8lAowenw=,cO+o/GTzXMsApap96MKMBxUzpiw=
21,-77,pVSvbpfwv3XJj2tdz8n8lAowenw=,XuTd5JHqKtSXX8X9YeoVPdDTMi8=
20,-77,pVSvbpfwv3XJj2tdz8n8lAowenw=,XuTd5JHqKtSXX8X9YeoVPdDTMi8=
22,-76,pVSvbpfwv3XJj2tdz8n8lAowenw=,XuTd5JHqKtSXX8X9YeoVPdDTMi8=
24,-72,pVSvbpfwv3XJj2tdz8n8lAowenw=,wFbUTVrWDT7ArZEi6VcX09jeAYs=
19,-72,pVSvbpfwv3XJj2tdz8n8lAowenw=,5Y5WBFvGHZM3RHegvxL/0ULzrQQ=
20,-74,pVSvbpfwv3XJj2tdz8n8lAowenw=,XuTd5JHqKtSXX8X9YeoVPdDTMi8=
31,-76,pVSvbpfwv3XJj2tdz8n8lAowenw=,cO+o/GTzXMsApap96MKMBxUzpiw=
21,-72,pVSvbpfwv3XJj2tdz8n8lAowenw=,5Y5WBFvGHZM3RHegvxL/0ULzrQQ=
20,-72,pVSvbpfwv3XJj2tdz8n8lAowenw=,5Y5WBFvGHZM3RHegvxL/0ULzrQQ=
22,-78,pVSvbpfwv3XJj2tdz8n8lAowenw=,XuTd5JHqKtSXX8X9YeoVPdDTMi8=
17,-74,pVSvbpfwv3XJj2tdz8n8lAowenw=,XuTd5JHqKtSXX8X9YeoVPdDTMi8=
21,-76,pVSvbpfwv3XJj2tdz8n8lAowenw=,XuTd5JHqKtSXX8X9YeoVPdDTMi8=
16,-72,pVSvbpfwv3XJj2tdz8n8lAowenw=,5Y5WBFvGHZM3RHegvxL/0ULzrQQ=
23,-73,pVSvbpfwv3XJj2tdz8n8lAowenw=,XuTd5JHqKtSXX8X9YeoVPdDTMi8=
21,-80,pVSvbpfwv3XJj2tdz8n8lAowenw=,XuTd5JHqKtSXX8X9YeoVPdDTMi8=
17,-72,pVSvbpfwv3XJj2tdz8n8lAowenw=,5Y5WBFvGHZM3RHegvxL/0ULzrQQ=
22,-73,pVSvbpfwv3XJj2tdz8n8lAowenw=,XuTd5JHqKtSXX8X9YeoVPdDTMi8=
21,-78,pVSvbpfwv3XJj2tdz8n8lAowenw=,XuTd5JHqKtSXX8X9YeoVPdDTMi8=
19,-73,pVSvbpfwv3XJj2tdz8n8lAowenw=,XuTd5JHqKtSXX8X9YeoVPdDTMi8=
20,-73,pVSvbpfwv3XJj2tdz8n8lAowenw=,XuTd5JHqKtSXX8X9YeoVPdDTMi8=
27,-65,pVSvbpfwv3XJj2tdz8n8lAowenw=,wFbUTVrWDT7ArZEi6VcX09jeAYs=
19,-80,pVSvbpfwv3XJj2tdz8n8lAowenw=,XuTd5JHqKtSXX8X9YeoVPdDTMi8=
21,-79,pVSvbpfwv3XJj2tdz8n8lAowenw=,XuTd5JHqKtSXX8X9YeoVPdDTMi8=
21,-73,pVSvbpfwv3XJj2tdz8n8lAowenw=,XuTd5JHqKtSXX8X9YeoVPdDTMi8=
26,-65,pVSvbpfwv3XJj2tdz8n8lAowenw=,wFbUTVrWDT7ArZEi6VcX09jeAYs=
16,-74,pVSvbpfwv3XJj2tdz8n8lAowenw=,XuTd5JHqKtSXX8X9YeoVPdDTMi8=
18,-73,pVSvbpfwv3XJj2tdz8n8lAowenw=,XuTd5JHqKtSXX8X9YeoVPdDTMi8=
24,-77,pVSvbpfwv3XJj2tdz8n8lAowenw=,cO+o/GTzXMsApap96MKMBxUzpiw=
20,-76,pVSvbpfwv3XJj2tdz8n8lAowenw=,XuTd5JHqKtSXX8X9YeoVPdDTMi8=
25,-65,pVSvbpfwv3XJj2tdz8n8lAowenw=,wFbUTVrWDT7ArZEi6VcX09jeAYs=
19,-78,pVSvbpfwv3XJj2tdz8n8lAowenw=,XuTd5JHqKtSXX8X9YeoVPdDTMi8=
24,-76,pVSvbpfwv3XJj2tdz8n8lAowenw=,cO+o/GTzXMsApap96MKMBxUzpiw=
17,-79,pVSvbpfwv3XJj2tdz8n8lAowenw=,XuTd5JHqKtSXX8X9YeoVPdDTMi8=
16,-73,pVSvbpfwv3XJj2tdz8n8lAowenw=,XuTd5JHqKtSXX8X9YeoVPdDTMi8=
23,-75,pVSvbpfwv3XJj2tdz8n8lAowenw=,XuTd5JHqKtSXX8X9YeoVPdDTMi8=
22,-74,pVSvbpfwv3XJj2tdz8n8lAowenw=,XuTd5JHqKtSXX8X9YeoVPdDTMi8=
22,-79,pVSvbpfwv3XJj2tdz8n8lAowenw=,XuTd5JHqKtSXX8X9YeoVPdDTMi8=
25,-79,pVSvbpfwv3XJj2tdz8n8lAowenw=,cO+o/GTzXMsApap96MKMBxUzpiw=
20,-78,pVSvbpfwv3XJj2tdz8n8lAowenw=,XuTd5JHqKtSXX8X9YeoVPdDTMi8=
23,-74,pVSvbpfwv3XJj2tdz8n8lAowenw=,XuTd5JHqKtSXX8X9YeoVPdDTMi8=
17,-73,pVSvbpfwv3XJj2tdz8n8lAowenw=,XuTd5JHqKtSXX8X9YeoVPdDTMi8=
18,-79,pVSvbpfwv3XJj2tdz8n8lAowenw=,XuTd5JHqKtSXX8X9YeoVPdDTMi8=
19,-79,pVSvbpfwv3XJj2tdz8n8lAowenw=,XuTd5JHqKtSXX8X9YeoVPdDTMi8=
16,-66,pVSvbpfwv3XJj2tdz8n8lAowenw=,5Y5WBFvGHZM3RHegvxL/0ULzrQQ=
26,-79,pVSvbpfwv3XJj2tdz8n8lAowenw=,cO+o/GTzXMsApap96MKMBxUzpiw=
20,-79,pVSvbpfwv3XJj2tdz8n8lAowenw=,XuTd5JHqKtSXX8X9YeoVPdDTMi8=
18,-72,pVSvbpfwv3XJj2tdz8n8lAowenw=,5Y5WBFvGHZM3RHegvxL/0ULzrQQ=
26,-78,pVSvbpfwv3XJj2tdz8n8lAowenw=,cO+o/GTzXMsApap96MKMBxUzpiw=
25,-78,pVSvbpfwv3XJj2tdz8n8lAowenw=,cO+o/GTzXMsApap96MKMBxUzpiw=
27,-77,pVSvbpfwv3XJj2tdz8n8lAowenw=,cO+o/GTzXMsApap96MKMBxUzpiw=
27,-79,pVSvbpfwv3XJj2tdz8n8lAowenw=,cO+o/GTzXMsApap96MKMBxUzpiw=
26,-77,pVSvbpfwv3XJj2tdz8n8lAowenw=,cO+o/GTzXMsApap96MKMBxUzpiw=
25,-76,pVSvbpfwv3XJj2tdz8n8lAowenw=,cO+o/GTzXMsApap96MKMBxUzpiw=
17,-70,pVSvbpfwv3XJj2tdz8n8lAowenw=,5Y5WBFvGHZM3RHegvxL/0ULzrQQ=
22,-70,pVSvbpfwv3XJj2tdz8n8lAowenw=,5Y5WBFvGHZM3RHegvxL/0ULzrQQ=
19,-70,pVSvbpfwv3XJj2tdz8n8lAowenw=,5Y5WBFvGHZM3RHegvxL/0ULzrQQ=
18,-70,pVSvbpfwv3XJj2tdz8n8lAowenw=,5Y5WBFvGHZM3RHegvxL/0ULzrQQ=
19,-69,pVSvbpfwv3XJj2tdz8n8lAowenw=,5Y5WBFvGHZM3RHegvxL/0ULzrQQ=
27,-78,pVSvbpfwv3XJj2tdz8n8lAowenw=,cO+o/GTzXMsApap96MKMBxUzpiw=
21,-70,pVSvbpfwv3XJj2tdz8n8lAowenw=,5Y5WBFvGHZM3RHegvxL/0ULzrQQ=
24,-65,pVSvbpfwv3XJj2tdz8n8lAowenw=,wFbUTVrWDT7ArZEi6VcX09jeAYs=
22,-75,pVSvbpfwv3XJj2tdz8n8lAowenw=,XuTd5JHqKtSXX8X9YeoVPdDTMi8=
22,-69,pVSvbpfwv3XJj2tdz8n8lAowenw=,5Y5WBFvGHZM3RHegvxL/0ULzrQQ=
20,-69,pVSvbpfwv3XJj2tdz8n8lAowenw=,5Y5WBFvGHZM3RHegvxL/0ULzrQQ=
18,-69,pVSvbpfwv3XJj2tdz8n8lAowenw=,5Y5WBFvGHZM3RHegvxL/0ULzrQQ=
19,-71,pVSvbpfwv3XJj2tdz8n8lAowenw=,5Y5WBFvGHZM3RHegvxL/0ULzrQQ=
21,-69,pVSvbpfwv3XJj2tdz8n8lAowenw=,5Y5WBFvGHZM3RHegvxL/0ULzrQQ=
16,-67,pVSvbpfwv3XJj2tdz8n8lAowenw=,5Y5WBFvGHZM3RHegvxL/0ULzrQQ=
21,-74,pVSvbpfwv3XJj2tdz8n8lAowenw=,XuTd5JHqKtSXX8X9YeoVPdDTMi8=
23,-65,pVSvbpfwv3XJj2tdz8n8lAowenw=,5Y5WBFvGHZM3RHegvxL/0ULzrQQ=
21,-75,pVSvbpfwv3XJj2tdz8n8lAowenw=,XuTd5JHqKtSXX8X9YeoVPdDTMi8=
21,-71,pVSvbpfwv3XJj2tdz8n8lAowenw=,5Y5WBFvGHZM3RHegvxL/0ULzrQQ=
19,-77,pVSvbpfwv3XJj2tdz8n8lAowenw=,XuTd5JHqKtSXX8X9YeoVPdDTMi8=
31,-65,pVSvbpfwv3XJj2tdz8n8lAowenw=,wFbUTVrWDT7ArZEi6VcX09jeAYs=
17,-71,pVSvbpfwv3XJj2tdz8n8lAowenw=,5Y5WBFvGHZM3RHegvxL/0ULzrQQ=
16,-68,pVSvbpfwv3XJj2tdz8n8lAowenw=,5Y5WBFvGHZM3RHegvxL/0ULzrQQ=
30,-65,pVSvbpfwv3XJj2tdz8n8lAowenw=,wFbUTVrWDT7ArZEi6VcX09jeAYs=
18,-71,pVSvbpfwv3XJj2tdz8n8lAowenw=,5Y5WBFvGHZM3RHegvxL/0ULzrQQ=
16,-75,pVSvbpfwv3XJj2tdz8n8lAowenw=,XuTd5JHqKtSXX8X9YeoVPdDTMi8=
26,-80,pVSvbpfwv3XJj2tdz8n8lAowenw=,cO+o/GTzXMsApap96MKMBxUzpiw=
27,-80,pVSvbpfwv3XJj2tdz8n8lAowenw=,cO+o/GTzXMsApap96MKMBxUzpiw=
16,-80,pVSvbpfwv3XJj2tdz8n8lAowenw=,XuTd5JHqKtSXX8X9YeoVPdDTMi8=
25,-77,pVSvbpfwv3XJj2tdz8n8lAowenw=,cO+o/GTzXMsApap96MKMBxUzpiw=
17,-69,pVSvbpfwv3XJj2tdz8n8lAowenw=,5Y5WBFvGHZM3RHegvxL/0ULzrQQ=
16,-76,pVSvbpfwv3XJj2tdz8n8lAowenw=,XuTd5JHqKtSXX8X9YeoVPdDTMi8=
20,-71,pVSvbpfwv3XJj2tdz8n8lAowenw=,5Y5WBFvGHZM3RHegvxL/0ULzrQQ=
18,-76,pVSvbpfwv3XJj2tdz8n8lAowenw=,XuTd5JHqKtSXX8X9YeoVPdDTMi8=
17,-75,pVSvbpfwv3XJj2tdz8n8lAowenw=,XuTd5JHqKtSXX8X9YeoVPdDTMi8=
25,-80,pVSvbpfwv3XJj2tdz8n8lAowenw=,cO+o/GTzXMsApap96MKMBxUzpiw=
18,-80,pVSvbpfwv3XJj2tdz8n8lAowenw=,XuTd5JHqKtSXX8X9YeoVPdDTMi8=
17,-80,pVSvbpfwv3XJj2tdz8n8lAowenw=,XuTd5JHqKtSXX8X9YeoVPdDTMi8=
29,-65,pVSvbpfwv3XJj2tdz8n8lAowenw=,wFbUTVrWDT7ArZEi6VcX09jeAYs=
17,-77,pVSvbpfwv3XJj2tdz8n8lAowenw=,XuTd5JHqKtSXX8X9YeoVPdDTMi8=
30,-66,pVSvbpfwv3XJj2tdz8n8lAowenw=,wFbUTVrWDT7ArZEi6VcX09jeAYs=
22,-80,pVSvbpfwv3XJj2tdz8n8lAowenw=,XuTd5JHqKtSXX8X9YeoVPdDTMi8=
24,-66,pVSvbpfwv3XJj2tdz8n8lAowenw=,wFbUTVrWDT7ArZEi6VcX09jeAYs=
16,-78,pVSvbpfwv3XJj2tdz8n8lAowenw=,XuTd5JHqKtSXX8X9YeoVPdDTMi8=
18,-75,pVSvbpfwv3XJj2tdz8n8lAowenw=,XuTd5JHqKtSXX8X9YeoVPdDTMi8=
20,-70,pVSvbpfwv3XJj2tdz8n8lAowenw=,5Y5WBFvGHZM3RHegvxL/0ULzrQQ=
23,-66,pVSvbpfwv3XJj2tdz8n8lAowenw=,5Y5WBFvGHZM3RHegvxL/0ULzrQQ=
24,-79,pVSvbpfwv3XJj2tdz8n8lAowenw=,cO+o/GTzXMsApap96MKMBxUzpiw=
28,-65,pVSvbpfwv3XJj2tdz8n8lAowenw=,wFbUTVrWDT7ArZEi6VcX09jeAYs=
17,-76,pVSvbpfwv3XJj2tdz8n8lAowenw=,XuTd5JHqKtSXX8X9YeoVPdDTMi8=
18,-77,pVSvbpfwv3XJj2tdz8n8lAowenw=,XuTd5JHqKtSXX8X9YeoVPdDTMi8=
16,-79,pVSvbpfwv3XJj2tdz8n8lAowenw=,XuTd5JHqKtSXX8X9YeoVPdDTMi8=
20,-75,pVSvbpfwv3XJj2tdz8n8lAowenw=,XuTd5JHqKtSXX8X9YeoVPdDTMi8=
20,-80,pVSvbpfwv3XJj2tdz8n8lAowenw=,XuTd5JHqKtSXX8X9YeoVPdDTMi8=
30,-67,pVSvbpfwv3XJj2tdz8n8lAowenw=,wFbUTVrWDT7ArZEi6VcX09jeAYs=
22,-65,pVSvbpfwv3XJj2tdz8n8lAowenw=,5Y5WBFvGHZM3RHegvxL/0ULzrQQ=
17,-65,pVSvbpfwv3XJj2tdz8n8lAowenw=,5Y5WBFvGHZM3RHegvxL/0ULzrQQ=
17,-78,pVSvbpfwv3XJj2tdz8n8lAowenw=,XuTd5JHqKtSXX8X9YeoVPdDTMi8=
18,-78,pVSvbpfwv3XJj2tdz8n8lAowenw=,XuTd5JHqKtSXX8X9YeoVPdDTMi8=
29,-67,pVSvbpfwv3XJj2tdz8n8lAowenw=,wFbUTVrWDT7ArZEi6VcX09jeAYs=
22,-66,pVSvbpfwv3XJj2tdz8n8lAowenw=,5Y5WBFvGHZM3RHegvxL/0ULzrQQ=
24,-80,pVSvbpfwv3XJj2tdz8n8lAowenw=,cO+o/GTzXMsApap96MKMBxUzpiw=
19,-65,pVSvbpfwv3XJj2tdz8n8lAowenw=,5Y5WBFvGHZM3RHegvxL/0ULzrQQ=
28,-67,pVSvbpfwv3XJj2tdz8n8lAowenw=,wFbUTVrWDT7ArZEi6VcX09jeAYs=
27,-67,pVSvbpfwv3XJj2tdz8n8lAowenw=,wFbUTVrWDT7ArZEi6VcX09jeAYs=
29,-66,pVSvbpfwv3XJj2tdz8n8lAowenw=,wFbUTVrWDT7ArZEi6VcX09jeAYs=
26,-67,pVSvbpfwv3XJj2tdz8n8lAowenw=,wFbUTVrWDT7ArZEi6VcX09jeAYs=
16,-65,pVSvbpfwv3XJj2tdz8n8lAowenw=,5Y5WBFvGHZM3RHegvxL/0ULzrQQ=
28,-66,pVSvbpfwv3XJj2tdz8n8lAowenw=,wFbUTVrWDT7ArZEi6VcX09jeAYs=
21,-66,pVSvbpfwv3XJj2tdz8n8lAowenw=,5Y5WBFvGHZM3RHegvxL/0ULzrQQ=
31,-66,pVSvbpfwv3XJj2tdz8n8lAowenw=,wFbUTVrWDT7ArZEi6VcX09jeAYs=
26,-66,pVSvbpfwv3XJj2tdz8n8lAowenw=,wFbUTVrWDT7ArZEi6VcX09jeAYs=
21,-65,pVSvbpfwv3XJj2tdz8n8lAowenw=,5Y5WBFvGHZM3RHegvxL/0ULzrQQ=
19,-68,pVSvbpfwv3XJj2tdz8n8lAowenw=,5Y5WBFvGHZM3RHegvxL/0ULzrQQ=
29,-68,pVSvbpfwv3XJj2tdz8n8lAowenw=,wFbUTVrWDT7ArZEi6VcX09jeAYs=
21,-68,pVSvbpfwv3XJj2tdz8n8lAowenw=,5Y5WBFvGHZM3RHegvxL/0ULzrQQ=
17,-68,pVSvbpfwv3XJj2tdz8n8lAowenw=,5Y5WBFvGHZM3RHegvxL/0ULzrQQ=
18,-65,pVSvbpfwv3XJj2tdz8n8lAowenw=,5Y5WBFvGHZM3RHegvxL/0ULzrQQ=
20,-68,pVSvbpfwv3XJj2tdz8n8lAowenw=,5Y5WBFvGHZM3RHegvxL/0ULzrQQ=
20,-66,pVSvbpfwv3XJj2tdz8n8lAowenw=,5Y5WBFvGHZM3RHegvxL/0ULzrQQ=
20,-65,pVSvbpfwv3XJj2tdz8n8lAowenw=,5Y5WBFvGHZM3RHegvxL/0ULzrQQ=
21,-67,pVSvbpfwv3XJj2tdz8n8lAowenw=,5Y5WBFvGHZM3RHegvxL/0ULzrQQ=
19,-67,pVSvbpfwv3XJj2tdz8n8lAowenw=,5Y5WBFvGHZM3RHegvxL/0ULzrQQ=
22,-67,pVSvbpfwv3XJj2tdz8n8lAowenw=,5Y5WBFvGHZM3RHegvxL/0ULzrQQ=
18,-68,pVSvbpfwv3XJj2tdz8n8lAowenw=,5Y5WBFvGHZM3RHegvxL/0ULzrQQ=
23,-67,pVSvbpfwv3XJj2tdz8n8lAowenw=,5Y5WBFvGHZM3RHegvxL/0ULzrQQ=
27,-66,pVSvbpfwv3XJj2tdz8n8lAowenw=,wFbUTVrWDT7ArZEi6VcX09jeAYs=
20,-67,pVSvbpfwv3XJj2tdz8n8lAowenw=,5Y5WBFvGHZM3RHegvxL/0ULzrQQ=
30,-68,pVSvbpfwv3XJj2tdz8n8lAowenw=,wFbUTVrWDT7ArZEi6VcX09jeAYs=
25,-67,pVSvbpfwv3XJj2tdz8n8lAowenw=,wFbUTVrWDT7ArZEi6VcX09jeAYs=
25,-66,pVSvbpfwv3XJj2tdz8n8lAowenw=,wFbUTVrWDT7ArZEi6VcX09jeAYs=
24,-67,pVSvbpfwv3XJj2tdz8n8lAowenw=,wFbUTVrWDT7ArZEi6VcX09jeAYs=
31,-68,pVSvbpfwv3XJj2tdz8n8lAowenw=,wFbUTVrWDT7ArZEi6VcX09jeAYs=
31,-67,pVSvbpfwv3XJj2tdz8n8lAowenw=,wFbUTVrWDT7ArZEi6VcX09jeAYs=
17,-66,pVSvbpfwv3XJj2tdz8n8lAowenw=,5Y5WBFvGHZM3RHegvxL/0ULzrQQ=
18,-67,pVSvbpfwv3XJj2tdz8n8lAowenw=,5Y5WBFvGHZM3RHegvxL/0ULzrQQ=
19,-66,pVSvbpfwv3XJj2tdz8n8lAowenw=,5Y5WBFvGHZM3RHegvxL/0ULzrQQ=
18,-66,pVSvbpfwv3XJj2tdz8n8lAowenw=,5Y5WBFvGHZM3RHegvxL/0ULzrQQ=
17,-67,pVSvbpfwv3XJj2tdz8n8lAowenw=,5Y5WBFvGHZM3RHegvxL/0ULzrQQ=
22,-90,pVSvbpfwv3XJj2tdz8n8lAowenw=,k+kWVB+BcazHHMxihTvpvphNprM=
21,-90,pVSvbpfwv3XJj2tdz8n8lAowenw=,k+kWVB+BcazHHMxihTvpvphNprM=
18,-94,pVSvbpfwv3XJj2tdz8n8lAowenw=,k+kWVB+BcazHHMxihTvpvphNprM=
17,-94,pVSvbpfwv3XJj2tdz8n8lAowenw=,k+kWVB+BcazHHMxihTvpvphNprM=
18,-95,pVSvbpfwv3XJj2tdz8n8lAowenw=,k+kWVB+BcazHHMxihTvpvphNprM=
17,-95,pVSvbpfwv3XJj2tdz8n8lAowenw=,k+kWVB+BcazHHMxihTvpvphNprM=
19,-93,pVSvbpfwv3XJj2tdz8n8lAowenw=,k+kWVB+BcazHHMxihTvpvphNprM=
22,-95,pVSvbpfwv3XJj2tdz8n8lAowenw=,k+kWVB+BcazHHMxihTvpvphNprM=
18,-93,pVSvbpfwv3XJj2tdz8n8lAowenw=,k+kWVB+BcazHHMxihTvpvphNprM=
20,-90,pVSvbpfwv3XJj2tdz8n8lAowenw=,k+kWVB+BcazHHMxihTvpvphNprM=
19,-90,pVSvbpfwv3XJj2tdz8n8lAowenw=,k+kWVB+BcazHHMxihTvpvphNprM=
18,-90,pVSvbpfwv3XJj2tdz8n8lAowenw=,k+kWVB+BcazHHMxihTvpvphNprM=
20,-91,pVSvbpfwv3XJj2tdz8n8lAowenw=,k+kWVB+BcazHHMxihTvpvphNprM=
17,-93,pVSvbpfwv3XJj2tdz8n8lAowenw=,k+kWVB+BcazHHMxihTvpvphNprM=
17,-90,pVSvbpfwv3XJj2tdz8n8lAowenw=,k+kWVB+BcazHHMxihTvpvphNprM=
19,-91,pVSvbpfwv3XJj2tdz8n8lAowenw=,k+kWVB+BcazHHMxihTvpvphNprM=
18,-91,pVSvbpfwv3XJj2tdz8n8lAowenw=,k+kWVB+BcazHHMxihTvpvphNprM=
17,-91,pVSvbpfwv3XJj2tdz8n8lAowenw=,k+kWVB+BcazHHMxihTvpvphNprM=
19,-92,pVSvbpfwv3XJj2tdz8n8lAowenw=,k+kWVB+BcazHHMxihTvpvphNprM=
17,-92,pVSvbpfwv3XJj2tdz8n8lAowenw=,k+kWVB+BcazHHMxihTvpvphNprM=
18,-92,pVSvbpfwv3XJj2tdz8n8lAowenw=,k+kWVB+BcazHHMxihTvpvphNprM=
31,-90,pVSvbpfwv3XJj2tdz8n8lAowenw=,84lhdjKinfqD41VSeIQCELevbzo=
26,-95,pVSvbpfwv3XJj2tdz8n8lAowenw=,84lhdjKinfqD41VSeIQCELevbzo=
27,-95,pVSvbpfwv3XJj2tdz8n8lAowenw=,84lhdjKinfqD41VSeIQCELevbzo=
28,-95,pVSvbpfwv3XJj2tdz8n8lAowenw=,84lhdjKinfqD41VSeIQCELevbzo=
29,-95,pVSvbpfwv3XJj2tdz8n8lAowenw=,84lhdjKinfqD41VSeIQCELevbzo=
30,-95,pVSvbpfwv3XJj2tdz8n8lAowenw=,84lhdjKinfqD41VSeIQCELevbzo=
31,-95,pVSvbpfwv3XJj2tdz8n8lAowenw=,84lhdjKinfqD41VSeIQCELevbzo=
25,-94,pVSvbpfwv3XJj2tdz8n8lAowenw=,84lhdjKinfqD41VSeIQCELevbzo=
27,-94,pVSvbpfwv3XJj2tdz8n8lAowenw=,84lhdjKinfqD41VSeIQCELevbzo=
28,-94,pVSvbpfwv3XJj2tdz8n8lAowenw=,84lhdjKinfqD41VSeIQCELevbzo=
29,-94,pVSvbpfwv3XJj2tdz8n8lAowenw=,84lhdjKinfqD41VSeIQCELevbzo=
30,-94,pVSvbpfwv3XJj2tdz8n8lAowenw=,84lhdjKinfqD41VSeIQCELevbzo=
31,-94,pVSvbpfwv3XJj2tdz8n8lAowenw=,84lhdjKinfqD41VSeIQCELevbzo=
28,-93,pVSvbpfwv3XJj2tdz8n8lAowenw=,84lhdjKinfqD41VSeIQCELevbzo=
29,-93,pVSvbpfwv3XJj2tdz8n8lAowenw=,84lhdjKinfqD41VSeIQCELevbzo=
30,-93,pVSvbpfwv3XJj2tdz8n8lAowenw=,84lhdjKinfqD41VSeIQCELevbzo=
31,-93,pVSvbpfwv3XJj2tdz8n8lAowenw=,84lhdjKinfqD41VSeIQCELevbzo=
28,-92,pVSvbpfwv3XJj2tdz8n8lAowenw=,84lhdjKinfqD41VSeIQCELevbzo=
29,-92,pVSvbpfwv3XJj2tdz8n8lAowenw=,84lhdjKinfqD41VSeIQCELevbzo=
30,-92,pVSvbpfwv3XJj2tdz8n8lAowenw=,84lhdjKinfqD41VSeIQCELevbzo=
31,-92,pVSvbpfwv3XJj2tdz8n8lAowenw=,84lhdjKinfqD41VSeIQCELevbzo=
30,-91,pVSvbpfwv3XJj2tdz8n8lAowenw=,84lhdjKinfqD41VSeIQCELevbzo=
31,-91,pVSvbpfwv3XJj2tdz8n8lAowenw=,84lhdjKinfqD41VSeIQCELevbzo=
24,-90,pVSvbpfwv3XJj2tdz8n8lAowenw=,84lhdjKinfqD41VSeIQCELevbzo=
26,-90,pVSvbpfwv3XJj2tdz8n8lAowenw=,84lhdjKinfqD41VSeIQCELevbzo=
31,-87,pVSvbpfwv3XJj2tdz8n8lAowenw=,QLhcnhUGsmnAeNNiHPawVaTlZsw=
31,-88,pVSvbpfwv3XJj2tdz8n8lAowenw=,QLhcnhUGsmnAeNNiHPawVaTlZsw=
25,-86,pVSvbpfwv3XJj2tdz8n8lAowenw=,QLhcnhUGsmnAeNNiHPawVaTlZsw=
30,-90,pVSvbpfwv3XJj2tdz8n8lAowenw=,84lhdjKinfqD41VSeIQCELevbzo=
29,-91,pVSvbpfwv3XJj2tdz8n8lAowenw=,84lhdjKinfqD41VSeIQCELevbzo=
28,-91,pVSvbpfwv3XJj2tdz8n8lAowenw=,84lhdjKinfqD41VSeIQCELevbzo=
29,-90,pVSvbpfwv3XJj2tdz8n8lAowenw=,84lhdjKinfqD41VSeIQCELevbzo=
30,-88,pVSvbpfwv3XJj2tdz8n8lAowenw=,QLhcnhUGsmnAeNNiHPawVaTlZsw=
30,-87,pVSvbpfwv3XJj2tdz8n8lAowenw=,QLhcnhUGsmnAeNNiHPawVaTlZsw=
27,-82,pVSvbpfwv3XJj2tdz8n8lAowenw=,QLhcnhUGsmnAeNNiHPawVaTlZsw=
26,-82,pVSvbpfwv3XJj2tdz8n8lAowenw=,QLhcnhUGsmnAeNNiHPawVaTlZsw=
16,-92,pVSvbpfwv3XJj2tdz8n8lAowenw=,k+kWVB+BcazHHMxihTvpvphNprM=
16,-91,pVSvbpfwv3XJj2tdz8n8lAowenw=,k+kWVB+BcazHHMxihTvpvphNprM=
16,-90,pVSvbpfwv3XJj2tdz8n8lAowenw=,k+kWVB+BcazHHMxihTvpvphNprM=
16,-93,pVSvbpfwv3XJj2tdz8n8lAowenw=,k+kWVB+BcazHHMxihTvpvphNprM=
16,-95,pVSvbpfwv3XJj2tdz8n8lAowenw=,k+kWVB+BcazHHMxihTvpvphNprM=
16,-94,pVSvbpfwv3XJj2tdz8n8lAowenw=,k+kWVB+BcazHHMxihTvpvphNprM=
25,-82,pVSvbpfwv3XJj2tdz8n8lAowenw=,QLhcnhUGsmnAeNNiHPawVaTlZsw=
27,-83,pVSvbpfwv3XJj2tdz8n8lAowenw=,QLhcnhUGsmnAeNNiHPawVaTlZsw=
26,-83,pVSvbpfwv3XJj2tdz8n8lAowenw=,QLhcnhUGsmnAeNNiHPawVaTlZsw=
25,-83,pVSvbpfwv3XJj2tdz8n8lAowenw=,QLhcnhUGsmnAeNNiHPawVaTlZsw=
31,-89,pVSvbpfwv3XJj2tdz8n8lAowenw=,84lhdjKinfqD41VSeIQCELevbzo=
27,-84,pVSvbpfwv3XJj2tdz8n8lAowenw=,QLhcnhUGsmnAeNNiHPawVaTlZsw=
26,-84,pVSvbpfwv3XJj2tdz8n8lAowenw=,QLhcnhUGsmnAeNNiHPawVaTlZsw=
25,-84,pVSvbpfwv3XJj2tdz8n8lAowenw=,QLhcnhUGsmnAeNNiHPawVaTlZsw=
30,-89,pVSvbpfwv3XJj2tdz8n8lAowenw=,84lhdjKinfqD41VSeIQCELevbzo=
29,-87,pVSvbpfwv3XJj2tdz8n8lAowenw=,QLhcnhUGsmnAeNNiHPawVaTlZsw=
28,-88,pVSvbpfwv3XJj2tdz8n8lAowenw=,QLhcnhUGsmnAeNNiHPawVaTlZsw=
28,-90,pVSvbpfwv3XJj2tdz8n8lAowenw=,84lhdjKinfqD41VSeIQCELevbzo=
30,-85,pVSvbpfwv3XJj2tdz8n8lAowenw=,QLhcnhUGsmnAeNNiHPawVaTlZsw=
28,-87,pVSvbpfwv3XJj2tdz8n8lAowenw=,QLhcnhUGsmnAeNNiHPawVaTlZsw=
29,-88,pVSvbpfwv3XJj2tdz8n8lAowenw=,QLhcnhUGsmnAeNNiHPawVaTlZsw=
29,-85,pVSvbpfwv3XJj2tdz8n8lAowenw=,QLhcnhUGsmnAeNNiHPawVaTlZsw=
26,-85,pVSvbpfwv3XJj2tdz8n8lAowenw=,QLhcnhUGsmnAeNNiHPawVaTlZsw=
31,-85,pVSvbpfwv3XJj2tdz8n8lAowenw=,QLhcnhUGsmnAeNNiHPawVaTlZsw=
25,-85,pVSvbpfwv3XJj2tdz8n8lAowenw=,QLhcnhUGsmnAeNNiHPawVaTlZsw=
26,-86,pVSvbpfwv3XJj2tdz8n8lAowenw=,QLhcnhUGsmnAeNNiHPawVaTlZsw=
25,-96,pVSvbpfwv3XJj2tdz8n8lAowenw=,84lhdjKinfqD41VSeIQCELevbzo=
26,-96,pVSvbpfwv3XJj2tdz8n8lAowenw=,84lhdjKinfqD41VSeIQCELevbzo=
27,-96,pVSvbpfwv3XJj2tdz8n8lAowenw=,84lhdjKinfqD41VSeIQCELevbzo=
28,-96,pVSvbpfwv3XJj2tdz8n8lAowenw=,84lhdjKinfqD41VSeIQCELevbzo=
29,-96,pVSvbpfwv3XJj2tdz8n8lAowenw=,84lhdjKinfqD41VSeIQCELevbzo=
30,-96,pVSvbpfwv3XJj2tdz8n8lAowenw=,84lhdjKinfqD41VSeIQCELevbzo=
29,-89,pVSvbpfwv3XJj2tdz8n8lAowenw=,84lhdjKinfqD41VSeIQCELevbzo=
31,-86,pVSvbpfwv3XJj2tdz8n8lAowenw=,QLhcnhUGsmnAeNNiHPawVaTlZsw=
28,-89,pVSvbpfwv3XJj2tdz8n8lAowenw=,84lhdjKinfqD41VSeIQCELevbzo=
29,-86,pVSvbpfwv3XJj2tdz8n8lAowenw=,QLhcnhUGsmnAeNNiHPawVaTlZsw=
28,-86,pVSvbpfwv3XJj2tdz8n8lAowenw=,QLhcnhUGsmnAeNNiHPawVaTlZsw=
28,-85,pVSvbpfwv3XJj2tdz8n8lAowenw=,QLhcnhUGsmnAeNNiHPawVaTlZsw=
16,-87,pVSvbpfwv3XJj2tdz8n8lAowenw=,EEREayQoiK7flJYTq1iYxaAlpzw=
16,-88,pVSvbpfwv3XJj2tdz8n8lAowenw=,EEREayQoiK7flJYTq1iYxaAlpzw=
17,-87,pVSvbpfwv3XJj2tdz8n8lAowenw=,EEREayQoiK7flJYTq1iYxaAlpzw=
17,-88,pVSvbpfwv3XJj2tdz8n8lAowenw=,EEREayQoiK7flJYTq1iYxaAlpzw=
16,-89,pVSvbpfwv3XJj2tdz8n8lAowenw=,k+kWVB+BcazHHMxihTvpvphNprM=
18,-88,pVSvbpfwv3XJj2tdz8n8lAowenw=,EEREayQoiK7flJYTq1iYxaAlpzw=
19,-87,pVSvbpfwv3XJj2tdz8n8lAowenw=,EEREayQoiK7flJYTq1iYxaAlpzw=
20,-87,pVSvbpfwv3XJj2tdz8n8lAowenw=,EEREayQoiK7flJYTq1iYxaAlpzw=
19,-88,pVSvbpfwv3XJj2tdz8n8lAowenw=,EEREayQoiK7flJYTq1iYxaAlpzw=
17,-89,pVSvbpfwv3XJj2tdz8n8lAowenw=,k+kWVB+BcazHHMxihTvpvphNprM=
19,-89,pVSvbpfwv3XJj2tdz8n8lAowenw=,k+kWVB+BcazHHMxihTvpvphNprM=
24,-86,pVSvbpfwv3XJj2tdz8n8lAowenw=,QLhcnhUGsmnAeNNiHPawVaTlZsw=
20,-89,pVSvbpfwv3XJj2tdz8n8lAowenw=,k+kWVB+BcazHHMxihTvpvphNprM=
16,-86,pVSvbpfwv3XJj2tdz8n8lAowenw=,EEREayQoiK7flJYTq1iYxaAlpzw=
24,-85,pVSvbpfwv3XJj2tdz8n8lAowenw=,QLhcnhUGsmnAeNNiHPawVaTlZsw=
17,-86,pVSvbpfwv3XJj2tdz8n8lAowenw=,EEREayQoiK7flJYTq1iYxaAlpzw=
20,-86,pVSvbpfwv3XJj2tdz8n8lAowenw=,EEREayQoiK7flJYTq1iYxaAlpzw=
21,-86,pVSvbpfwv3XJj2tdz8n8lAowenw=,EEREayQoiK7flJYTq1iYxaAlpzw=
20,-88,pVSvbpfwv3XJj2tdz8n8lAowenw=,EEREayQoiK7flJYTq1iYxaAlpzw=
16,-85,pVSvbpfwv3XJj2tdz8n8lAowenw=,EEREayQoiK7flJYTq1iYxaAlpzw=
17,-85,pVSvbpfwv3XJj2tdz8n8lAowenw=,EEREayQoiK7flJYTq1iYxaAlpzw=
16,-84,pVSvbpfwv3XJj2tdz8n8lAowenw=,EEREayQoiK7flJYTq1iYxaAlpzw=
18,-89,pVSvbpfwv3XJj2tdz8n8lAowenw=,k+kWVB+BcazHHMxihTvpvphNprM=
24,-84,pVSvbpfwv3XJj2tdz8n8lAowenw=,QLhcnhUGsmnAeNNiHPawVaTlZsw=
21,-89,pVSvbpfwv3XJj2tdz8n8lAowenw=,k+kWVB+BcazHHMxihTvpvphNprM=
24,-83,pVSvbpfwv3XJj2tdz8n8lAowenw=,QLhcnhUGsmnAeNNiHPawVaTlZsw=
16,-83,pVSvbpfwv3XJj2tdz8n8lAowenw=,EEREayQoiK7flJYTq1iYxaAlpzw=
16,-82,pVSvbpfwv3XJj2tdz8n8lAowenw=,EEREayQoiK7flJYTq1iYxaAlpzw=
17,-83,pVSvbpfwv3XJj2tdz8n8lAowenw=,EEREayQoiK7flJYTq1iYxaAlpzw=
30,-86,pVSvbpfwv3XJj2tdz8n8lAowenw=,QLhcnhUGsmnAeNNiHPawVaTlZsw=
24,-87,pVSvbpfwv3XJj2tdz8n8lAowenw=,QLhcnhUGsmnAeNNiHPawVaTlZsw=
24,-96,pVSvbpfwv3XJj2tdz8n8lAowenw=,84lhdjKinfqD41VSeIQCELevbzo=
23,-85,pVSvbpfwv3XJj2tdz8n8lAowenw=,EEREayQoiK7flJYTq1iYxaAlpzw=
22,-89,pVSvbpfwv3XJj2tdz8n8lAowenw=,k+kWVB+BcazHHMxihTvpvphNprM=
23,-89,pVSvbpfwv3XJj2tdz8n8lAowenw=,k+kWVB+BcazHHMxihTvpvphNprM=
24,-88,pVSvbpfwv3XJj2tdz8n8lAowenw=,QLhcnhUGsmnAeNNiHPawVaTlZsw=
23,-93,pVSvbpfwv3XJj2tdz8n8lAowenw=,k+kWVB+BcazHHMxihTvpvphNprM=
23,-88,pVSvbpfwv3XJj2tdz8n8lAowenw=,EEREayQoiK7flJYTq1iYxaAlpzw=
23,-96,pVSvbpfwv3XJj2tdz8n8lAowenw=,k+kWVB+BcazHHMxihTvpvphNprM=
23,-95,pVSvbpfwv3XJj2tdz8n8lAowenw=,k+kWVB+BcazHHMxihTvpvphNprM=
27,-86,pVSvbpfwv3XJj2tdz8n8lAowenw=,QLhcnhUGsmnAeNNiHPawVaTlZsw=
22,-96,pVSvbpfwv3XJj2tdz8n8lAowenw=,k+kWVB+BcazHHMxihTvpvphNprM=
17,-96,pVSvbpfwv3XJj2tdz8n8lAowenw=,k+kWVB+BcazHHMxihTvpvphNprM=
27,-93,pVSvbpfwv3XJj2tdz8n8lAowenw=,84lhdjKinfqD41VSeIQCELevbzo=
27,-85,pVSvbpfwv3XJj2tdz8n8lAowenw=,QLhcnhUGsmnAeNNiHPawVaTlZsw=
31,-96,pVSvbpfwv3XJj2tdz8n8lAowenw=,84lhdjKinfqD41VSeIQCELevbzo=
21,-96,pVSvbpfwv3XJj2tdz8n8lAowenw=,k+kWVB+BcazHHMxihTvpvphNprM=
26,-93,pVSvbpfwv3XJj2tdz8n8lAowenw=,84lhdjKinfqD41VSeIQCELevbzo=
18,-87,pVSvbpfwv3XJj2tdz8n8lAowenw=,EEREayQoiK7flJYTq1iYxaAlpzw=
22,-85,pVSvbpfwv3XJj2tdz8n8lAowenw=,EEREayQoiK7flJYTq1iYxaAlpzw=
20,-92,pVSvbpfwv3XJj2tdz8n8lAowenw=,k+kWVB+BcazHHMxihTvpvphNprM=
18,-96,pVSvbpfwv3XJj2tdz8n8lAowenw=,k+kWVB+BcazHHMxihTvpvphNprM=
25,-93,pVSvbpfwv3XJj2tdz8n8lAowenw=,84lhdjKinfqD41VSeIQCELevbzo=
19,-96,pVSvbpfwv3XJj2tdz8n8lAowenw=,k+kWVB+BcazHHMxihTvpvphNprM=
21,-92,pVSvbpfwv3XJj2tdz8n8lAowenw=,k+kWVB+BcazHHMxihTvpvphNprM=
27,-87,pVSvbpfwv3XJj2tdz8n8lAowenw=,QLhcnhUGsmnAeNNiHPawVaTlZsw=
24,-89,pVSvbpfwv3XJj2tdz8n8lAowenw=,84lhdjKinfqD41VSeIQCELevbzo=
24,-93,pVSvbpfwv3XJj2tdz8n8lAowenw=,84lhdjKinfqD41VSeIQCELevbzo=
26,-94,pVSvbpfwv3XJj2tdz8n8lAowenw=,84lhdjKinfqD41VSeIQCELevbzo=
16,-96,pVSvbpfwv3XJj2tdz8n8lAowenw=,k+kWVB+BcazHHMxihTvpvphNprM=
21,-91,pVSvbpfwv3XJj2tdz8n8lAowenw=,k+kWVB+BcazHHMxihTvpvphNprM=
22,-92,pVSvbpfwv3XJj2tdz8n8lAowenw=,k+kWVB+BcazHHMxihTvpvphNprM=
24,-94,pVSvbpfwv3XJj2tdz8n8lAowenw=,84lhdjKinfqD41VSeIQCELevbzo=
20,-96,pVSvbpfwv3XJj2tdz8n8lAowenw=,k+kWVB+BcazHHMxihTvpvphNprM=
25,-88,pVSvbpfwv3XJj2tdz8n8lAowenw=,QLhcnhUGsmnAeNNiHPawVaTlZsw=
23,-94,pVSvbpfwv3XJj2tdz8n8lAowenw=,k+kWVB+BcazHHMxihTvpvphNprM=
25,-95,pVSvbpfwv3XJj2tdz8n8lAowenw=,84lhdjKinfqD41VSeIQCELevbzo=
24,-95,pVSvbpfwv3XJj2tdz8n8lAowenw=,84lhdjKinfqD41VSeIQCELevbzo=
23,-90,pVSvbpfwv3XJj2tdz8n8lAowenw=,k+kWVB+BcazHHMxihTvpvphNprM=
22,-94,pVSvbpfwv3XJj2tdz8n8lAowenw=,k+kWVB+BcazHHMxihTvpvphNprM=
22,-91,pVSvbpfwv3XJj2tdz8n8lAowenw=,k+kWVB+BcazHHMxihTvpvphNprM=
26,-87,pVSvbpfwv3XJj2tdz8n8lAowenw=,QLhcnhUGsmnAeNNiHPawVaTlZsw=
23,-92,pVSvbpfwv3XJj2tdz8n8lAowenw=,k+kWVB+BcazHHMxihTvpvphNprM=
23,-91,pVSvbpfwv3XJj2tdz8n8lAowenw=,k+kWVB+BcazHHMxihTvpvphNprM=
19,-95,pVSvbpfwv3XJj2tdz8n8lAowenw=,k+kWVB+BcazHHMxihTvpvphNprM=
21,-94,pVSvbpfwv3XJj2tdz8n8lAowenw=,k+kWVB+BcazHHMxihTvpvphNprM=
26,-88,pVSvbpfwv3XJj2tdz8n8lAowenw=,QLhcnhUGsmnAeNNiHPawVaTlZsw=
21,-87,pVSvbpfwv3XJj2tdz8n8lAowenw=,EEREayQoiK7flJYTq1iYxaAlpzw=
23,-87,pVSvbpfwv3XJj2tdz8n8lAowenw=,EEREayQoiK7flJYTq1iYxaAlpzw=
21,-85,pVSvbpfwv3XJj2tdz8n8lAowenw=,EEREayQoiK7flJYTq1iYxaAlpzw=
24,-92,pVSvbpfwv3XJj2tdz8n8lAowenw=,84lhdjKinfqD41VSeIQCELevbzo=
25,-87,pVSvbpfwv3XJj2tdz8n8lAowenw=,QLhcnhUGsmnAeNNiHPawVaTlZsw=
20,-94,pVSvbpfwv3XJj2tdz8n8lAowenw=,k+kWVB+BcazHHMxihTvpvphNprM=
27,-88,pVSvbpfwv3XJj2tdz8n8lAowenw=,QLhcnhUGsmnAeNNiHPawVaTlZsw=
22,-87,pVSvbpfwv3XJj2tdz8n8lAowenw=,EEREayQoiK7flJYTq1iYxaAlpzw=
20,-95,pVSvbpfwv3XJj2tdz8n8lAowenw=,k+kWVB+BcazHHMxihTvpvphNprM=
25,-92,pVSvbpfwv3XJj2tdz8n8lAowenw=,84lhdjKinfqD41VSeIQCELevbzo=
26,-92,pVSvbpfwv3XJj2tdz8n8lAowenw=,84lhdjKinfqD41VSeIQCELevbzo=
25,-89,pVSvbpfwv3XJj2tdz8n8lAowenw=,84lhdjKinfqD41VSeIQCELevbzo=
27,-92,pVSvbpfwv3XJj2tdz8n8lAowenw=,84lhdjKinfqD41VSeIQCELevbzo=
24,-91,pVSvbpfwv3XJj2tdz8n8lAowenw=,84lhdjKinfqD41VSeIQCELevbzo=
26,-91,pVSvbpfwv3XJj2tdz8n8lAowenw=,84lhdjKinfqD41VSeIQCELevbzo=
19,-94,pVSvbpfwv3XJj2tdz8n8lAowenw=,k+kWVB+BcazHHMxihTvpvphNprM=
25,-91,pVSvbpfwv3XJj2tdz8n8lAowenw=,84lhdjKinfqD41VSeIQCELevbzo=
18,-86,pVSvbpfwv3XJj2tdz8n8lAowenw=,EEREayQoiK7flJYTq1iYxaAlpzw=
21,-95,pVSvbpfwv3XJj2tdz8n8lAowenw=,k+kWVB+BcazHHMxihTvpvphNprM=
22,-93,pVSvbpfwv3XJj2tdz8n8lAowenw=,k+kWVB+BcazHHMxihTvpvphNprM=
20,-85,pVSvbpfwv3XJj2tdz8n8lAowenw=,EEREayQoiK7flJYTq1iYxaAlpzw=
27,-89,pVSvbpfwv3XJj2tdz8n8lAowenw=,84lhdjKinfqD41VSeIQCELevbzo=
26,-89,pVSvbpfwv3XJj2tdz8n8lAowenw=,84lhdjKinfqD41VSeIQCELevbzo=
20,-93,pVSvbpfwv3XJj2tdz8n8lAowenw=,k+kWVB+BcazHHMxihTvpvphNprM=
27,-91,pVSvbpfwv3XJj2tdz8n8lAowenw=,84lhdjKinfqD41VSeIQCELevbzo=
21,-88,pVSvbpfwv3XJj2tdz8n8lAowenw=,EEREayQoiK7flJYTq1iYxaAlpzw=
22,-88,pVSvbpfwv3XJj2tdz8n8lAowenw=,EEREayQoiK7flJYTq1iYxaAlpzw=
25,-90,pVSvbpfwv3XJj2tdz8n8lAowenw=,84lhdjKinfqD41VSeIQCELevbzo=
27,-90,pVSvbpfwv3XJj2tdz8n8lAowenw=,84lhdjKinfqD41VSeIQCELevbzo=
21,-93,pVSvbpfwv3XJj2tdz8n8lAowenw=,k+kWVB+BcazHHMxihTvpvphNprM=
19,-86,pVSvbpfwv3XJj2tdz8n8lAowenw=,EEREayQoiK7flJYTq1iYxaAlpzw=
23,-86,pVSvbpfwv3XJj2tdz8n8lAowenw=,EEREayQoiK7flJYTq1iYxaAlpzw=
19,-85,pVSvbpfwv3XJj2tdz8n8lAowenw=,EEREayQoiK7flJYTq1iYxaAlpzw=
18,-85,pVSvbpfwv3XJj2tdz8n8lAowenw=,EEREayQoiK7flJYTq1iYxaAlpzw=
28,-84,pVSvbpfwv3XJj2tdz8n8lAowenw=,QLhcnhUGsmnAeNNiHPawVaTlZsw=
29,-84,pVSvbpfwv3XJj2tdz8n8lAowenw=,QLhcnhUGsmnAeNNiHPawVaTlZsw=
31,-81,pVSvbpfwv3XJj2tdz8n8lAowenw=,QLhcnhUGsmnAeNNiHPawVaTlZsw=
22,-86,pVSvbpfwv3XJj2tdz8n8lAowenw=,EEREayQoiK7flJYTq1iYxaAlpzw=
30,-82,pVSvbpfwv3XJj2tdz8n8lAowenw=,QLhcnhUGsmnAeNNiHPawVaTlZsw=
16,-81,pVSvbpfwv3XJj2tdz8n8lAowenw=,EEREayQoiK7flJYTq1iYxaAlpzw=
31,-82,pVSvbpfwv3XJj2tdz8n8lAowenw=,QLhcnhUGsmnAeNNiHPawVaTlZsw=
23,-81,pVSvbpfwv3XJj2tdz8n8lAowenw=,EEREayQoiK7flJYTq1iYxaAlpzw=
28,-82,pVSvbpfwv3XJj2tdz8n8lAowenw=,QLhcnhUGsmnAeNNiHPawVaTlZsw=
30,-84,pVSvbpfwv3XJj2tdz8n8lAowenw=,QLhcnhUGsmnAeNNiHPawVaTlZsw=
29,-81,pVSvbpfwv3XJj2tdz8n8lAowenw=,QLhcnhUGsmnAeNNiHPawVaTlZsw=
30,-81,pVSvbpfwv3XJj2tdz8n8lAowenw=,QLhcnhUGsmnAeNNiHPawVaTlZsw=
28,-81,pVSvbpfwv3XJj2tdz8n8lAowenw=,QLhcnhUGsmnAeNNiHPawVaTlZsw=
22,-81,pVSvbpfwv3XJj2tdz8n8lAowenw=,EEREayQoiK7flJYTq1iYxaAlpzw=
24,-81,pVSvbpfwv3XJj2tdz8n8lAowenw=,QLhcnhUGsmnAeNNiHPawVaTlZsw=
29,-83,pVSvbpfwv3XJj2tdz8n8lAowenw=,QLhcnhUGsmnAeNNiHPawVaTlZsw=
27,-81,pVSvbpfwv3XJj2tdz8n8lAowenw=,QLhcnhUGsmnAeNNiHPawVaTlZsw=
25,-81,pVSvbpfwv3XJj2tdz8n8lAowenw=,QLhcnhUGsmnAeNNiHPawVaTlZsw=
31,-84,pVSvbpfwv3XJj2tdz8n8lAowenw=,QLhcnhUGsmnAeNNiHPawVaTlZsw=
28,-83,pVSvbpfwv3XJj2tdz8n8lAowenw=,QLhcnhUGsmnAeNNiHPawVaTlZsw=
17,-84,pVSvbpfwv3XJj2tdz8n8lAowenw=,EEREayQoiK7flJYTq1iYxaAlpzw=
29,-82,pVSvbpfwv3XJj2tdz8n8lAowenw=,QLhcnhUGsmnAeNNiHPawVaTlZsw=
31,-83,pVSvbpfwv3XJj2tdz8n8lAowenw=,QLhcnhUGsmnAeNNiHPawVaTlZsw=
23,-84,pVSvbpfwv3XJj2tdz8n8lAowenw=,EEREayQoiK7flJYTq1iYxaAlpzw=
22,-84,pVSvbpfwv3XJj2tdz8n8lAowenw=,EEREayQoiK7flJYTq1iYxaAlpzw=
24,-82,pVSvbpfwv3XJj2tdz8n8lAowenw=,QLhcnhUGsmnAeNNiHPawVaTlZsw=
26,-81,pVSvbpfwv3XJj2tdz8n8lAowenw=,QLhcnhUGsmnAeNNiHPawVaTlZsw=
18,-84,pVSvbpfwv3XJj2tdz8n8lAowenw=,EEREayQoiK7flJYTq1iYxaAlpzw=
18,-83,pVSvbpfwv3XJj2tdz8n8lAowenw=,EEREayQoiK7flJYTq1iYxaAlpzw=
19,-84,pVSvbpfwv3XJj2tdz8n8lAowenw=,EEREayQoiK7flJYTq1iYxaAlpzw=
30,-83,pVSvbpfwv3XJj2tdz8n8lAowenw=,QLhcnhUGsmnAeNNiHPawVaTlZsw=
23,-83,pVSvbpfwv3XJj2tdz8n8lAowenw=,EEREayQoiK7flJYTq1iYxaAlpzw=
19,-83,pVSvbpfwv3XJj2tdz8n8lAowenw=,EEREayQoiK7flJYTq1iYxaAlpzw=
20,-83,pVSvbpfwv3XJj2tdz8n8lAowenw=,EEREayQoiK7flJYTq1iYxaAlpzw=
21,-81,pVSvbpfwv3XJj2tdz8n8lAowenw=,EEREayQoiK7flJYTq1iYxaAlpzw=
17,-82,pVSvbpfwv3XJj2tdz8n8lAowenw=,EEREayQoiK7flJYTq1iYxaAlpzw=
21,-84,pVSvbpfwv3XJj2tdz8n8lAowenw=,EEREayQoiK7flJYTq1iYxaAlpzw=
18,-82,pVSvbpfwv3XJj2tdz8n8lAowenw=,EEREayQoiK7flJYTq1iYxaAlpzw=
23,-82,pVSvbpfwv3XJj2tdz8n8lAowenw=,EEREayQoiK7flJYTq1iYxaAlpzw=
22,-83,pVSvbpfwv3XJj2tdz8n8lAowenw=,EEREayQoiK7flJYTq1iYxaAlpzw=
20,-84,pVSvbpfwv3XJj2tdz8n8lAowenw=,EEREayQoiK7flJYTq1iYxaAlpzw=
21,-82,pVSvbpfwv3XJj2tdz8n8lAowenw=,EEREayQoiK7flJYTq1iYxaAlpzw=
22,-82,pVSvbpfwv3XJj2tdz8n8lAowenw=,EEREayQoiK7flJYTq1iYxaAlpzw=
17,-81,pVSvbpfwv3XJj2tdz8n8lAowenw=,EEREayQoiK7flJYTq1iYxaAlpzw=
20,-82,pVSvbpfwv3XJj2tdz8n8lAowenw=,EEREayQoiK7flJYTq1iYxaAlpzw=
19,-82,pVSvbpfwv3XJj2tdz8n8lAowenw=,EEREayQoiK7flJYTq1iYxaAlpzw=
20,-81,pVSvbpfwv3XJj2tdz8n8lAowenw=,EEREayQoiK7flJYTq1iYxaAlpzw=
21,-83,pVSvbpfwv3XJj2tdz8n8lAowenw=,EEREayQoiK7flJYTq1iYxaAlpzw=
19,-81,pVSvbpfwv3XJj2tdz8n8lAowenw=,EEREayQoiK7flJYTq1iYxaAlpzw=
18,-81,pVSvbpfwv3XJj2tdz8n8lAowenw=,EEREayQoiK7flJYTq1iYxaAlpzw=
14,-65,kTpZsx0xd5iemwBef9PFyodwv0E=,sVIOUZ38s26iH5GUg3uXwQAM7Y8=
13,-66,kTpZsx0xd5iemwBef9PFyodwv0E=,sVIOUZ38s26iH5GUg3uXwQAM7Y8=
9,-70,kTpZsx0xd5iemwBef9PFyodwv0E=,sVIOUZ38s26iH5GUg3uXwQAM7Y8=
11,-67,kTpZsx0xd5iemwBef9PFyodwv0E=,sVIOUZ38s26iH5GUg3uXwQAM7Y8=
8,-69,kTpZsx0xd5iemwBef9PFyodwv0E=,sVIOUZ38s26iH5GUg3uXwQAM7Y8=
13,-65,kTpZsx0xd5iemwBef9PFyodwv0E=,sVIOUZ38s26iH5GUg3uXwQAM7Y8=
12,-65,kTpZsx0xd5iemwBef9PFyodwv0E=,sVIOUZ38s26iH5GUg3uXwQAM7Y8=
9,-69,kTpZsx0xd5iemwBef9PFyodwv0E=,sVIOUZ38s26iH5GUg3uXwQAM7Y8=
13,-71,kTpZsx0xd5iemwBef9PFyodwv0E=,sVIOUZ38s26iH5GUg3uXwQAM7Y8=
11,-65,kTpZsx0xd5iemwBef9PFyodwv0E=,sVIOUZ38s26iH5GUg3uXwQAM7Y8=
10,-65,kTpZsx0xd5iemwBef9PFyodwv0E=,sVIOUZ38s26iH5GUg3uXwQAM7Y8=
9,-65,kTpZsx0xd5iemwBef9PFyodwv0E=,sVIOUZ38s26iH5GUg3uXwQAM7Y8=
8,-65,kTpZsx0xd5iemwBef9PFyodwv0E=,sVIOUZ38s26iH5GUg3uXwQAM7Y8=
13,-72,kTpZsx0xd5iemwBef9PFyodwv0E=,sVIOUZ38s26iH5GUg3uXwQAM7Y8=
11,-72,kTpZsx0xd5iemwBef9PFyodwv0E=,sVIOUZ38s26iH5GUg3uXwQAM7Y8=
11,-68,kTpZsx0xd5iemwBef9PFyodwv0E=,sVIOUZ38s26iH5GUg3uXwQAM7Y8=
12,-66,kTpZsx0xd5iemwBef9PFyodwv0E=,sVIOUZ38s26iH5GUg3uXwQAM7Y8=
10,-67,kTpZsx0xd5iemwBef9PFyodwv0E=,sVIOUZ38s26iH5GUg3uXwQAM7Y8=
11,-66,kTpZsx0xd5iemwBef9PFyodwv0E=,sVIOUZ38s26iH5GUg3uXwQAM7Y8=
9,-67,kTpZsx0xd5iemwBef9PFyodwv0E=,sVIOUZ38s26iH5GUg3uXwQAM7Y8=
12,-71,kTpZsx0xd5iemwBef9PFyodwv0E=,sVIOUZ38s26iH5GUg3uXwQAM7Y8=
14,-70,kTpZsx0xd5iemwBef9PFyodwv0E=,sVIOUZ38s26iH5GUg3uXwQAM7Y8=
10,-66,kTpZsx0xd5iemwBef9PFyodwv0E=,sVIOUZ38s26iH5GUg3uXwQAM7Y8=
10,-68,kTpZsx0xd5iemwBef9PFyodwv0E=,sVIOUZ38s26iH5GUg3uXwQAM7Y8=
13,-70,kTpZsx0xd5iemwBef9PFyodwv0E=,sVIOUZ38s26iH5GUg3uXwQAM7Y8=
9,-66,kTpZsx0xd5iemwBef9PFyodwv0E=,sVIOUZ38s26iH5GUg3uXwQAM7Y8=
12,-72,kTpZsx0xd5iemwBef9PFyodwv0E=,sVIOUZ38s26iH5GUg3uXwQAM7Y8=
8,-67,kTpZsx0xd5iemwBef9PFyodwv0E=,sVIOUZ38s26iH5GUg3uXwQAM7Y8=
11,-71,kTpZsx0xd5iemwBef9PFyodwv0E=,sVIOUZ38s26iH5GUg3uXwQAM7Y8=
10,-71,kTpZsx0xd5iemwBef9PFyodwv0E=,sVIOUZ38s26iH5GUg3uXwQAM7Y8=
9,-68,kTpZsx0xd5iemwBef9PFyodwv0E=,sVIOUZ38s26iH5GUg3uXwQAM7Y8=
9,-71,kTpZsx0xd5iemwBef9PFyodwv0E=,sVIOUZ38s26iH5GUg3uXwQAM7Y8=
10,-72,kTpZsx0xd5iemwBef9PFyodwv0E=,sVIOUZ38s26iH5GUg3uXwQAM7Y8=
12,-70,kTpZsx0xd5iemwBef9PFyodwv0E=,sVIOUZ38s26iH5GUg3uXwQAM7Y8=
8,-68,kTpZsx0xd5iemwBef9PFyodwv0E=,sVIOUZ38s26iH5GUg3uXwQAM7Y8=
8,-70,kTpZsx0xd5iemwBef9PFyodwv0E=,sVIOUZ38s26iH5GUg3uXwQAM7Y8=
8,-66,kTpZsx0xd5iemwBef9PFyodwv0E=,sVIOUZ38s26iH5GUg3uXwQAM7Y8=
11,-70,kTpZsx0xd5iemwBef9PFyodwv0E=,sVIOUZ38s26iH5GUg3uXwQAM7Y8=
9,-72,kTpZsx0xd5iemwBef9PFyodwv0E=,sVIOUZ38s26iH5GUg3uXwQAM7Y8=
8,-71,kTpZsx0xd5iemwBef9PFyodwv0E=,sVIOUZ38s26iH5GUg3uXwQAM7Y8=
10,-70,kTpZsx0xd5iemwBef9PFyodwv0E=,sVIOUZ38s26iH5GUg3uXwQAM7Y8=
14,-71,kTpZsx0xd5iemwBef9PFyodwv0E=,sVIOUZ38s26iH5GUg3uXwQAM7Y8=
14,-67,kTpZsx0xd5iemwBef9PFyodwv0E=,sVIOUZ38s26iH5GUg3uXwQAM7Y8=
13,-67,kTpZsx0xd5iemwBef9PFyodwv0E=,sVIOUZ38s26iH5GUg3uXwQAM7Y8=
14,-66,kTpZsx0xd5iemwBef9PFyodwv0E=,sVIOUZ38s26iH5GUg3uXwQAM7Y8=
14,-68,kTpZsx0xd5iemwBef9PFyodwv0E=,sVIOUZ38s26iH5GUg3uXwQAM7Y8=
14,-69,kTpZsx0xd5iemwBef9PFyodwv0E=,sVIOUZ38s26iH5GUg3uXwQAM7Y8=
13,-68,kTpZsx0xd5iemwBef9PFyodwv0E=,sVIOUZ38s26iH5GUg3uXwQAM7Y8=
13,-69,kTpZsx0xd5iemwBef9PFyodwv0E=,sVIOUZ38s26iH5GUg3uXwQAM7Y8=
12,-68,kTpZsx0xd5iemwBef9PFyodwv0E=,sVIOUZ38s26iH5GUg3uXwQAM7Y8=
12,-69,kTpZsx0xd5iemwBef9PFyodwv0E=,sVIOUZ38s26iH5GUg3uXwQAM7Y8=
12,-67,kTpZsx0xd5iemwBef9PFyodwv0E=,sVIOUZ38s26iH5GUg3uXwQAM7Y8=
11,-69,kTpZsx0xd5iemwBef9PFyodwv0E=,sVIOUZ38s26iH5GUg3uXwQAM7Y8=
10,-69,kTpZsx0xd5iemwBef9PFyodwv0E=,sVIOUZ38s26iH5GUg3uXwQAM7Y8=
14,-72,kTpZsx0xd5iemwBef9PFyodwv0E=,sVIOUZ38s26iH5GUg3uXwQAM7Y8=
8,-72,kTpZsx0xd5iemwBef9PFyodwv0E=,sVIOUZ38s26iH5GUg3uXwQAM7Y8=
15,-71,kTpZsx0xd5iemwBef9PFyodwv0E=,sVIOUZ38s26iH5GUg3uXwQAM7Y8=
15,-70,kTpZsx0xd5iemwBef9PFyodwv0E=,sVIOUZ38s26iH5GUg3uXwQAM7Y8=
15,-69,kTpZsx0xd5iemwBef9PFyodwv0E=,sVIOUZ38s26iH5GUg3uXwQAM7Y8=
15,-68,kTpZsx0xd5iemwBef9PFyodwv0E=,sVIOUZ38s26iH5GUg3uXwQAM7Y8=
15,-72,kTpZsx0xd5iemwBef9PFyodwv0E=,sVIOUZ38s26iH5GUg3uXwQAM7Y8=
15,-67,kTpZsx0xd5iemwBef9PFyodwv0E=,sVIOUZ38s26iH5GUg3uXwQAM7Y8=
15,-65,kTpZsx0xd5iemwBef9PFyodwv0E=,sVIOUZ38s26iH5GUg3uXwQAM7Y8=
15,-66,kTpZsx0xd5iemwBef9PFyodwv0E=,sVIOUZ38s26iH5GUg3uXwQAM7Y8=
